,iso_code,continent,location,date,total_cases,new_cases,new_cases_smoothed,total_deaths,new_deaths,new_deaths_smoothed,total_cases_per_million,new_cases_per_million,new_cases_smoothed_per_million,total_deaths_per_million,new_deaths_per_million,new_deaths_smoothed_per_million,new_tests,total_tests,total_tests_per_thousand,new_tests_per_thousand,new_tests_smoothed,new_tests_smoothed_per_thousand,tests_per_case,positive_rate,tests_units,stringency_index,population,population_density,median_age,aged_65_older,aged_70_older,gdp_per_capita,extreme_poverty,cardiovasc_death_rate,diabetes_prevalence,female_smokers,male_smokers,handwashing_facilities,hospital_beds_per_thousand,life_expectancy,human_development_index,Longitude,Latitude
0,ABW,North America,Aruba,9/28/2020,3844,12,41.857,25,0,0.28600000000000003,36003.971,112.395,392.046,234.157,0.0,2.676,0,0,0.0,0.0,0,0.0,0.0,0.0,0,0.0,106766,584.8,41.2,13.085,7.452000000000001,35973.781,0.0,0.0,11.62,0.0,0.0,0.0,0.0,76.29,0.0,-69.9618475,12.5013629
1,AFG,Asia,Afghanistan,9/28/2020,39227,0,26.143,1453,0,1.714,1007.672,0.0,0.672,37.325,0.0,0.044000000000000004,0,0,0.0,0.0,0,0.0,0.0,0.0,0,0.0,38928341,54.422,18.6,2.5810000000000004,1.337,1803.987,0.0,597.029,9.59,0.0,0.0,37.746,0.5,64.83,0.498,66.2385139,33.7680065
2,AGO,Africa,Angola,9/28/2020,4672,82,97.286,171,4,2.714,142.15200000000002,2.495,2.96,5.202999999999999,0.122,0.083,0,0,0.0,0.0,0,0.0,0.0,0.0,0,75.0,32866268,23.89,16.8,2.405,1.3619999999999999,5819.495,0.0,276.045,3.94,0.0,0.0,26.664,0.0,61.15,0.581,17.5691241,-11.8775768
3,AIA,North America,Anguilla,9/28/2020,3,0,0.0,0,0,0.0,199.97299999999998,0.0,0.0,0.0,0.0,0.0,0,0,0.0,0.0,0,0.0,0.0,0.0,0,0.0,15002,0.0,0.0,0.0,0.0,0.0,0.0,0.0,0.0,0.0,0.0,0.0,0.0,81.88,0.0,-63.0750234,18.1954947
4,ALB,Europe,Albania,9/28/2020,13259,106,124.85700000000001,377,2,2.1430000000000002,4607.339,36.834,43.386,131.003,0.695,0.745,0,0,0.0,0.0,0,0.0,0.0,0.0,0,0.0,2877800,104.87100000000001,38.0,13.187999999999999,8.642999999999999,11803.431,1.1,304.195,10.08,7.1,51.2,0.0,2.89,78.57,0.785,19.9999619,41.000028
5,AND,Europe,Andorra,9/28/2020,1836,0,38.857,53,0,0.0,23762.376,0.0,502.907,685.951,0.0,0.0,0,0,0.0,0.0,0,0.0,0.0,0.0,0,0.0,77265,163.755,0.0,0.0,0.0,0.0,0.0,109.135,7.97,29.0,37.8,0.0,0.0,83.73,0.858,1.5732033,42.5407167
6,ARE,Asia,United Arab Emirates,9/28/2020,91469,851,936.143,412,1,1.143,9248.261,86.04299999999999,94.652,41.657,0.10099999999999999,0.11599999999999999,0,0,0.0,0.0,0,0.0,0.0,0.0,0,0.0,9890400,112.44200000000001,34.0,1.1440000000000001,0.526,67293.483,0.0,317.84,17.26,1.2,37.4,0.0,1.2,77.97,0.863,53.9994829,24.0002488
7,ARG,South America,Argentina,9/28/2020,711312,8841,12627.286,15749,206,405.714,15738.462,195.61599999999999,279.39099999999996,348.462,4.558,8.977,0,0,0.0,0.0,0,0.0,0.0,0.0,0,0.0,45195777,16.177,31.9,11.198,7.441,18933.907,0.6,191.032,5.5,16.2,27.7,0.0,5.0,76.67,0.825,-64.9672817,-34.9964963
8,ARM,Asia,Armenia,9/28/2020,49400,328,281.286,951,3,3.0,16670.975,110.69,94.925,320.933,1.012,1.012,0,0,0.0,0.0,0,0.0,0.0,0.0,0,0.0,2963234,102.931,35.7,11.232000000000001,7.571000000000001,8787.58,1.8,341.01,7.11,1.5,52.1,94.04299999999999,4.2,75.09,0.755,44.6736646,40.7696272
9,ATG,North America,Antigua and Barbuda,9/28/2020,101,0,0.7140000000000001,3,0,0.0,1031.37,0.0,7.294,30.635,0.0,0.0,0,0,0.0,0.0,0,0.0,0.0,0.0,0,0.0,97928,231.845,32.1,6.933,4.631,21490.943,0.0,191.511,13.17,0.0,0.0,0.0,3.8,77.02,0.78,-61.9554608,17.2234721
10,AUS,Oceania,Australia,9/28/2020,27040,24,20.285999999999998,872,2,3.286,1060.397,0.941,0.7959999999999999,34.196,0.078,0.129,0,0,0.0,0.0,0,0.0,0.0,0.0,0,0.0,25499881,3.202,37.9,15.504000000000001,10.129,44648.71,0.5,107.791,5.07,13.0,16.5,0.0,3.84,83.44,0.9390000000000001,134.755,-24.7761086
11,AUT,Europe,Austria,9/28/2020,43466,526,701.2860000000001,787,0,3.0,4826.124,58.403,77.865,87.382,0.0,0.33299999999999996,0,0,0.0,0.0,0,0.0,0.0,0.0,0,37.04,9006400,106.749,44.4,19.202,13.748,45436.685999999994,0.7,145.183,6.35,28.4,30.9,0.0,7.37,81.54,0.9079999999999999,13.199959,47.2000338
12,AZE,Asia,Azerbaijan,9/28/2020,40023,128,119.286,586,1,1.571,3947.363,12.624,11.765,57.79600000000001,0.099,0.155,0,0,0.0,0.0,0,0.0,0.0,0.0,0,70.37,10139175,119.309,32.4,6.018,3.8710000000000004,15847.419,0.0,559.812,7.11,0.3,42.5,83.241,4.7,73.0,0.757,47.7872508,40.3936294
13,BDI,Africa,Burundi,9/28/2020,485,0,1.714,1,0,0.0,40.788000000000004,0.0,0.14400000000000002,0.084,0.0,0.0,0,0,0.0,0.0,0,0.0,0.0,0.0,0,0.0,11890781,423.06199999999995,17.5,2.562,1.504,702.225,71.7,293.068,6.05,0.0,0.0,6.144,0.8,61.58,0.41700000000000004,29.8870575,-3.3634357
14,BEL,Europe,Belgium,9/28/2020,114085,0,1249.143,9980,2,3.714,9843.726,0.0,107.781,861.1160000000001,0.17300000000000001,0.32,0,0,0.0,0.0,0,0.0,0.0,0.0,0,0.0,11589616,375.564,41.8,18.570999999999998,12.849,42658.575999999994,0.2,114.898,4.29,25.1,31.4,0.0,5.64,81.63,0.9159999999999999,4.6667145,50.6402809
15,BEN,Africa,Benin,9/28/2020,2340,15,8.571,40,0,0.0,193.018,1.237,0.7070000000000001,3.299,0.0,0.0,0,0,0.0,0.0,0,0.0,0.0,0.0,0,0.0,12123198,99.11,18.8,3.2439999999999998,1.942,2064.236,49.6,235.84799999999998,0.99,0.6,12.3,11.035,0.5,61.77,0.515,2.2584408,9.5293472
16,BES,North America,Bonaire Sint Eustatius and Saba,9/28/2020,85,0,7.0,1,0,0.0,3241.677,0.0,266.962,38.137,0.0,0.0,0,0,0.0,0.0,0,0.0,0.0,0.0,0,0.0,26221,0.0,0.0,0.0,0.0,0.0,0.0,0.0,0.0,0.0,0.0,0.0,0.0,77.79,0.0,-63.143238651638256,17.566000000000003
17,BFA,Africa,Burkina Faso,9/28/2020,2008,35,23.143,56,0,0.0,96.061,1.6740000000000002,1.107,2.679,0.0,0.0,0,0,0.0,0.0,0,0.0,0.0,0.0,0,0.0,20903278,70.15100000000001,17.6,2.4090000000000003,1.358,1703.102,43.7,269.048,2.42,1.6,23.9,11.877,0.4,61.58,0.423,-1.6880314,12.0753083
18,BGD,Asia,Bangladesh,9/28/2020,359148,1275,1461.714,5161,32,31.714000000000002,2180.76,7.742000000000001,8.876,31.338,0.19399999999999998,0.193,0,0,0.0,0.0,0,0.0,0.0,0.0,0,0.0,164689383,1265.036,27.5,5.098,3.262,3523.9840000000004,14.8,298.003,8.38,1.0,44.7,34.808,0.8,72.59,0.608,90.2932426,24.4768783
19,BGR,Europe,Bulgaria,9/28/2020,20055,58,170.28599999999997,796,7,5.0,2886.257,8.347000000000001,24.506999999999998,114.55799999999999,1.0070000000000001,0.72,0,0,0.0,0.0,0,0.0,0.0,0.0,0,0.0,6948445,65.18,44.7,20.801,13.272,18563.307,1.5,424.68800000000005,5.81,30.1,44.4,0.0,7.454,75.05,0.813,25.4856617,42.6073975
20,BHR,Asia,Bahrain,9/28/2020,68775,585,610.857,242,6,3.0,40418.246,343.798,358.99300000000005,142.221,3.5260000000000002,1.7630000000000001,9118,1407572,827.2130000000001,5.359,10614,6.2379999999999995,17.375999999999998,0.057999999999999996,units unclear,0.0,1701583,1935.9070000000002,32.4,2.372,1.3869999999999998,43290.705,0.0,151.689,16.52,5.8,37.6,0.0,2.0,77.29,0.846,50.5344606,26.1551249
21,BHS,North America,Bahamas,9/28/2020,3790,0,60.0,87,0,1.857,9637.684000000001,0.0,152.575,221.234,0.0,4.723,0,0,0.0,0.0,0,0.0,0.0,0.0,0,0.0,393248,39.497,34.3,8.996,5.2,27717.847,0.0,235.954,13.17,3.1,20.4,0.0,2.9,73.92,0.807,-78.0000547,24.7736546
22,BIH,Europe,Bosnia and Herzegovina,9/28/2020,26917,122,213.28599999999997,810,2,7.571000000000001,8204.364,37.186,65.01,246.89,0.61,2.3080000000000003,0,0,0.0,0.0,0,0.0,0.0,0.0,0,0.0,3280815,68.49600000000001,42.5,16.569000000000003,10.710999999999999,11713.895,0.2,329.635,10.08,30.2,47.7,97.164,3.5,77.4,0.768,17.5961467,44.3053476
23,BLR,Europe,Belarus,9/28/2020,77609,320,276.42900000000003,818,5,5.428999999999999,8213.183,33.865,29.254,86.56700000000001,0.529,0.574,0,0,0.0,0.0,0,0.0,0.0,0.0,0,0.0,9449321,46.858000000000004,40.3,14.799000000000001,9.788,17167.967,0.0,443.129,5.18,10.5,46.1,0.0,11.0,74.79,0.8079999999999999,27.6971358,53.4250605
24,BLZ,North America,Belize,9/28/2020,1854,29,32.429,24,0,0.429,4662.732,72.934,81.556,60.358999999999995,0.0,1.078,0,0,0.0,0.0,0,0.0,0.0,0.0,0,72.22,397621,16.426,25.0,3.853,2.279,7824.361999999999,0.0,176.957,17.11,0.0,0.0,90.083,1.3,74.62,0.708,-88.7600927,16.8259793
25,BMU,North America,Bermuda,9/28/2020,181,0,0.14300000000000002,9,0,0.0,2906.5570000000002,0.0,2.294,144.525,0.0,0.0,0,0,0.0,0.0,0,0.0,0.0,0.0,0,31.48,62273,1308.82,0.0,0.0,0.0,50669.315,0.0,139.547,13.0,0.0,0.0,0.0,0.0,82.59,0.0,-64.7603583,32.3018217
26,BOL,South America,Bolivia,9/28/2020,133901,309,460.714,7858,30,34.429,11470.973,26.471,39.468,673.176,2.57,2.949,0,0,0.0,0.0,0,0.0,0.0,0.0,0,0.0,11673029,10.202,25.4,6.704,4.393,6885.829000000001,7.1,204.299,6.89,0.0,0.0,25.383000000000003,1.1,71.51,0.693,-64.9912286,-17.0568696
27,BRA,South America,Brazil,9/28/2020,4732309,14318,26811.429,141741,335,692.2860000000001,22263.465,67.36,126.13600000000001,666.83,1.5759999999999998,3.2569999999999997,0,0,0.0,0.0,0,0.0,0.0,0.0,0,0.0,212559409,25.04,33.5,8.552,5.06,14103.452,3.4,177.96099999999998,8.11,10.1,17.9,0.0,2.2,75.88,0.759,-53.2,-10.3333333
28,BRB,North America,Barbados,9/28/2020,190,0,0.14300000000000002,7,0,0.0,661.166,0.0,0.49700000000000005,24.359,0.0,0.0,0,0,0.0,0.0,0,0.0,0.0,0.0,0,0.0,287371,664.4630000000001,39.8,14.952,9.472999999999999,16978.068,0.0,170.05,13.57,1.9,14.5,88.469,5.8,79.19,0.8,-59.5250305,13.1500331
29,BRN,Asia,Brunei,9/28/2020,146,0,0.14300000000000002,3,0,0.0,333.727,0.0,0.327,6.857,0.0,0.0,0,0,0.0,0.0,0,0.0,0.0,0.0,0,0.0,437483,81.347,32.4,4.591,2.3819999999999997,71809.25099999999,0.0,201.285,12.79,2.0,30.9,0.0,2.7,75.86,0.853,114.5653908,4.4137155
30,BTN,Asia,Bhutan,9/28/2020,273,2,1.714,0,0,0.0,353.805,2.592,2.222,0.0,0.0,0.0,0,0,0.0,0.0,0,0.0,0.0,0.0,0,0.0,771612,21.188000000000002,28.6,4.885,2.977,8708.597,1.5,217.06599999999997,9.75,0.0,0.0,79.807,1.7,71.78,0.612,90.5119273,27.549511
31,BWA,Africa,Botswana,9/28/2020,2921,0,50.571000000000005,16,0,0.429,1242.12,0.0,21.505,6.803999999999999,0.0,0.182,0,0,0.0,0.0,0,0.0,0.0,0.0,0,0.0,2351625,4.044,25.8,3.9410000000000003,2.242,15807.374,0.0,237.372,4.81,5.7,34.4,0.0,1.8,69.59,0.7170000000000001,24.5928742,-23.1681782
32,CAF,Africa,Central African Republic,9/28/2020,4806,0,1.857,62,0,0.0,995.08,0.0,0.385,12.837,0.0,0.0,0,0,0.0,0.0,0,0.0,0.0,0.0,0,0.0,4829764,7.479,18.3,3.655,2.251,661.24,0.0,435.727,6.1,0.0,0.0,16.602999999999998,1.0,53.28,0.36700000000000005,19.9981227,7.0323598
33,CAN,North America,Canada,9/28/2020,153125,1454,1353.714,9268,6,7.2860000000000005,4057.134,38.525,35.867,245.56099999999998,0.159,0.193,68251,7117709,188.588,1.808,71318,1.89,52.683,0.019,people tested,0.0,37742157,4.037,41.4,16.984,10.797,44017.59099999999,0.5,105.59899999999999,7.37,12.0,16.6,0.0,2.5,82.43,0.9259999999999999,-107.9917071,61.0666922
34,CHE,Europe,Switzerland,9/28/2020,51864,0,384.714,1778,0,2.0,5992.639,0.0,44.452,205.43900000000002,0.0,0.231,0,0,0.0,0.0,0,0.0,0.0,0.0,0,0.0,8654618,214.243,43.1,18.436,12.644,57410.166,0.0,99.73899999999999,5.59,22.6,28.9,0.0,4.53,83.78,0.9440000000000001,8.2319736,46.7985624
35,CHL,South America,Chile,9/28/2020,457901,1922,1661.0,12641,50,50.714,23953.546000000002,100.54299999999999,86.89,661.2710000000001,2.616,2.653,0,0,0.0,0.0,0,0.0,0.0,0.0,0,0.0,19116209,24.281999999999996,35.4,11.087,6.938,22767.037,1.3,127.993,8.46,34.2,41.5,0.0,2.11,80.18,0.843,-71.3187697,-31.7613365
36,CHN,Asia,China,9/28/2020,90483,27,16.285999999999998,4739,0,0.28600000000000003,62.865,0.019,0.011000000000000001,3.293,0.0,0.0,0,0,0.0,0.0,0,0.0,0.0,0.0,0,0.0,1439323774,147.674,38.7,10.640999999999998,5.928999999999999,15308.712,0.7,261.899,9.74,1.9,48.4,0.0,4.34,76.91,0.752,104.999927,35.000074
37,CIV,Africa,Cote d'Ivoire,9/28/2020,19629,29,44.143,120,0,0.0,744.135,1.099,1.673,4.5489999999999995,0.0,0.0,0,0,0.0,0.0,0,0.0,0.0,0.0,0,0.0,26378275,76.399,18.7,2.9330000000000003,1.5819999999999999,3601.006,28.2,303.74,2.42,0.0,0.0,19.351,0.0,57.78,0.49200000000000005,-5.5679458,7.9897371
38,CMR,Africa,Cameroon,9/28/2020,20735,0,43.428999999999995,418,0,0.28600000000000003,781.1010000000001,0.0,1.636,15.745999999999999,0.0,0.011000000000000001,0,0,0.0,0.0,0,0.0,0.0,0.0,0,0.0,26545864,50.885,18.8,3.165,1.919,3364.926,23.8,244.66099999999997,7.2,0.0,0.0,2.735,1.3,59.29,0.556,13.1535811,4.6125522
39,COD,Africa,Democratic Republic of Congo,9/28/2020,10611,19,13.857000000000001,270,0,0.0,118.477,0.212,0.155,3.015,0.0,0.0,0,0,0.0,0.0,0,0.0,0.0,0.0,0,0.0,89561404,35.879,17.0,3.02,1.745,808.133,77.1,318.949,6.1,0.0,0.0,4.4719999999999995,0.0,60.68,0.457,23.8222636,-2.9814344
40,COG,Africa,Congo,9/28/2020,5008,0,3.1430000000000002,89,0,0.0,907.56,0.0,0.57,16.129,0.0,0.0,0,0,0.0,0.0,0,0.0,0.0,0.0,0,0.0,5518092,15.405,19.0,3.4019999999999997,2.063,4881.406,37.0,344.094,7.2,1.7,52.3,47.964,0.0,64.57,0.606,15.6419155,-0.7264327
41,COL,South America,Colombia,9/28/2020,813056,7018,6854.286,25488,192,182.857,15978.968,137.925,134.707,500.915,3.773,3.594,0,0,0.0,0.0,0,0.0,0.0,0.0,0,0.0,50882884,44.223,32.2,7.646,4.312,13254.948999999999,4.5,124.24,7.44,4.7,13.5,65.38600000000001,1.71,77.29,0.747,-73.783892,2.8894434
42,COM,Africa,Comoros,9/28/2020,478,0,1.143,7,0,0.0,549.681,0.0,1.314,8.05,0.0,0.0,0,0,0.0,0.0,0,0.0,0.0,0.0,0,0.0,869595,437.352,20.4,2.963,1.726,1413.89,18.1,261.51599999999996,11.88,4.4,23.6,15.574000000000002,2.2,64.32,0.503,44.2832964,-12.2045176
43,CPV,Africa,Cape Verde,9/28/2020,5771,70,73.429,57,1,0.857,10379.72,125.902,132.069,102.52,1.7990000000000002,1.5419999999999998,0,0,0.0,0.0,0,0.0,0.0,0.0,0,0.0,555988,135.58,25.7,4.46,3.437,6222.554,0.0,182.21900000000002,2.42,2.1,16.5,0.0,2.1,72.98,0.654,-24.0083947,16.0000552
44,CRI,North America,Costa Rica,9/28/2020,72049,0,1191.0,828,0,17.429000000000002,14143.578000000001,0.0,233.799,162.541,0.0,3.4210000000000003,0,0,0.0,0.0,0,0.0,0.0,0.0,0,0.0,5094114,96.079,33.6,9.468,5.694,15524.995,1.3,137.97299999999998,8.78,6.4,17.4,83.84100000000001,1.13,80.28,0.794,-84.0739102,10.2735633
45,CUB,North America,Cuba,9/28/2020,5457,45,52.286,122,2,1.0,481.786,3.9730000000000003,4.6160000000000005,10.770999999999999,0.177,0.08800000000000001,0,0,0.0,0.0,0,0.0,0.0,0.0,0,0.0,11326616,110.40799999999999,43.1,14.738,9.719,0.0,0.0,190.968,8.27,17.1,53.3,85.198,5.2,78.8,0.777,-80.8328748,23.0131338
46,CUW,North America,Curacao,9/28/2020,360,23,13.142999999999999,1,0,0.0,2193.784,140.158,80.09100000000001,6.093999999999999,0.0,0.0,0,0,0.0,0.0,0,0.0,0.0,0.0,0,0.0,164100,362.644,41.7,16.367,10.068,0.0,0.0,0.0,11.62,0.0,0.0,0.0,0.0,78.88,0.0,-68.9640875031406,12.1845
47,CYM,North America,Cayman Islands,9/28/2020,210,0,0.14300000000000002,1,0,0.0,3195.3740000000003,0.0,2.174,15.216,0.0,0.0,0,0,0.0,0.0,0,0.0,0.0,0.0,0,0.0,65720,256.496,0.0,0.0,0.0,49903.029,0.0,0.0,13.22,0.0,0.0,0.0,0.0,83.92,0.0,-80.5667132,19.5417212
48,CYP,Europe,Cyprus,9/28/2020,1696,12,13.714,22,0,0.0,1936.296,13.7,15.657,25.116999999999997,0.0,0.0,0,0,0.0,0.0,0,0.0,0.0,0.0,0,0.0,875899,127.65700000000001,37.3,13.415999999999999,8.562999999999999,32415.132,0.0,141.171,9.24,19.6,52.7,0.0,3.4,80.98,0.8690000000000001,33.1451285,34.9823018
49,CZE,Europe,Czech Republic,9/28/2020,64597,1303,2193.857,606,15,14.714,6032.039000000001,121.67399999999999,204.861,56.588,1.401,1.374,0,0,0.0,0.0,0,0.0,0.0,0.0,0,0.0,10708982,137.17600000000002,43.3,19.027,11.58,32605.906000000003,0.0,227.485,6.82,30.5,38.3,0.0,6.63,79.38,0.888,15.4749544,49.8167003
50,DEU,Europe,Germany,9/28/2020,285332,1192,1856.4289999999999,9460,3,10.571,3405.5690000000004,14.227,22.156999999999996,112.90899999999999,0.036000000000000004,0.126,0,0,0.0,0.0,0,0.0,0.0,0.0,0,0.0,83783945,237.016,46.6,21.453000000000003,15.957,45229.245,0.0,156.139,8.31,28.2,33.1,0.0,8.0,81.33,0.9359999999999999,10.4234469,51.0834196
51,DJI,Africa,Djibouti,9/28/2020,5409,0,0.857,61,0,0.0,5474.685,0.0,0.868,61.74100000000001,0.0,0.0,0,0,0.0,0.0,0,0.0,0.0,0.0,0,0.0,988002,41.285,25.4,4.213,2.38,2705.406,22.5,258.03700000000003,6.05,1.7,24.5,0.0,1.4,67.11,0.47600000000000003,42.8453061,11.8145966
52,DMA,North America,Dominica,9/28/2020,24,0,0.0,0,0,0.0,333.375,0.0,0.0,0.0,0.0,0.0,0,0,0.0,0.0,0,0.0,0.0,0.0,0,0.0,71991,98.56700000000001,0.0,0.0,0.0,9673.367,0.0,227.37599999999998,11.62,0.0,0.0,0.0,3.8,75.0,0.715,-70.3028026,19.0974031
53,DNK,Europe,Denmark,9/28/2020,26637,424,684.2860000000001,649,1,2.0,4598.768,73.202,118.139,112.04700000000001,0.17300000000000001,0.345,0,0,0.0,0.0,0,0.0,0.0,0.0,0,0.0,5792203,136.52,42.3,19.677,12.325,46682.515,0.2,114.76700000000001,6.41,19.3,18.8,0.0,2.5,80.9,0.929,10.3333283,55.670249
54,DOM,North America,Dominican Republic,9/28/2020,111386,429,442.42900000000003,2095,2,6.857,10267.974,39.547,40.785,193.125,0.184,0.632,0,0,0.0,0.0,0,0.0,0.0,0.0,0,0.0,10847904,222.873,27.6,6.981,4.419,14600.861,1.6,266.653,8.2,8.5,19.1,55.181999999999995,1.6,74.08,0.736,-70.3028026,19.0974031
55,DZA,Africa,Algeria,9/28/2020,51067,153,177.28599999999997,1714,3,6.0,1164.556,3.489,4.043,39.086999999999996,0.068,0.13699999999999998,0,0,0.0,0.0,0,0.0,0.0,0.0,0,0.0,43851043,17.348,29.1,6.211,3.8569999999999998,13913.839,0.5,278.36400000000003,6.73,0.7,30.4,83.741,1.9,76.88,0.754,2.9999825,28.0000272
56,ECU,South America,Ecuador,9/28/2020,134747,766,1189.714,11279,6,27.0,7637.394,43.417,67.432,639.288,0.34,1.53,0,0,0.0,0.0,0,0.0,0.0,0.0,0,0.0,17643060,66.939,28.1,7.104,4.458,10581.936000000002,3.6,140.44799999999998,5.55,2.0,12.3,80.635,1.5,77.01,0.752,-79.3666965,-1.3397668
57,EGY,Africa,Egypt,9/28/2020,102840,104,117.85700000000001,5883,14,16.143,1004.941,1.016,1.1520000000000001,57.488,0.13699999999999998,0.158,0,0,0.0,0.0,0,0.0,0.0,0.0,0,0.0,102334403,97.999,25.3,5.159,2.891,10550.206,1.3,525.432,17.31,0.2,50.1,89.82700000000001,1.6,71.99,0.696,29.2675469,26.2540493
58,ERI,Africa,Eritrea,9/28/2020,375,0,1.571,0,0,0.0,105.74,0.0,0.44299999999999995,0.0,0.0,0.0,0,0,0.0,0.0,0,0.0,0.0,0.0,0,0.0,3546427,44.303999999999995,19.3,3.6069999999999998,2.171,1510.4589999999998,0.0,311.11,6.05,0.2,11.4,0.0,0.7,66.32,0.44,37.9999668,15.9500319
59,ESH,Africa,Western Sahara,9/28/2020,766,0,0.0,1,0,0.0,1282.373,0.0,0.0,1.6740000000000002,0.0,0.0,0,0,0.0,0.0,0,0.0,0.0,0.0,0,0.0,597330,0.0,28.4,0.0,1.38,0.0,0.0,0.0,0.0,0.0,0.0,0.0,0.0,70.26,0.0,-13.7667848,24.1797324
60,EST,Europe,Estonia,9/28/2020,3200,35,39.429,64,0,0.0,2412.292,26.384,29.723000000000003,48.246,0.0,0.0,0,0,0.0,0.0,0,0.0,0.0,0.0,0,0.0,1326539,31.033,42.7,19.452,13.491,29481.252,0.5,255.56900000000002,4.02,24.5,39.3,0.0,4.69,78.74,0.871,25.3319078,58.7523778
61,ETH,Africa,Ethiopia,9/28/2020,73332,632,644.571,1170,5,10.571,637.872,5.497000000000001,5.607,10.177,0.043,0.092,0,0,0.0,0.0,0,0.0,0.0,0.0,0,0.0,114963583,104.95700000000001,19.8,3.5260000000000002,2.063,1729.9270000000001,26.7,182.63400000000001,7.47,0.4,8.5,7.96,0.3,66.6,0.46299999999999997,38.6521203,10.2116702
62,FIN,Europe,Finland,9/28/2020,9682,105,100.286,343,0,0.5710000000000001,1747.4270000000001,18.951,18.1,61.905,0.0,0.10300000000000001,142,975893,176.13099999999997,0.026000000000000002,6960,1.256,69.402,0.013999999999999999,samples tested,32.41,5540718,18.136,42.8,21.228,13.264000000000001,40585.721,0.0,153.507,5.76,18.3,22.6,0.0,3.28,81.91,0.92,25.9209164,63.2467777
63,FJI,Oceania,Fiji,9/28/2020,32,0,0.0,2,0,0.0,35.696999999999996,0.0,0.0,2.231,0.0,0.0,0,0,0.0,0.0,0,0.0,0.0,0.0,0,0.0,896444,49.562,28.6,6.224,3.284,8702.975,1.4,412.82,14.49,10.2,34.8,0.0,2.3,67.44,0.741,179.0122737,-18.1239696
64,FLK,South America,Falkland Islands,9/28/2020,13,0,0.0,0,0,0.0,3732.415,0.0,0.0,0.0,0.0,0.0,0,0,0.0,0.0,0,0.0,0.0,0.0,0,0.0,3483,0.0,0.0,0.0,0.0,0.0,0.0,0.0,0.0,0.0,0.0,0.0,0.0,81.44,0.0,-59.5500387,-51.9666424
65,FRA,Europe,France,9/28/2020,538569,11123,12115.143,31727,27,63.143,8250.958,170.40599999999998,185.606,486.06199999999995,0.414,0.9670000000000001,0,0,0.0,0.0,0,0.0,0.0,0.0,0,0.0,65273512,122.57799999999999,42.0,19.718,13.079,38605.671,0.0,86.06,4.77,30.1,35.6,0.0,5.98,82.66,0.9009999999999999,1.8883335,46.603354
66,FRO,Europe,Faeroe Islands,9/28/2020,460,0,3.714,0,0,0.0,9413.690999999999,0.0,76.01100000000001,0.0,0.0,0.0,0,0,0.0,0.0,0,0.0,0.0,0.0,0,0.0,48865,35.308,0.0,0.0,0.0,0.0,0.0,0.0,0.0,0.0,0.0,0.0,0.0,80.67,0.0,-6.817412433412175,62.19850045
67,GAB,Africa,Gabon,9/28/2020,8728,0,4.571000000000001,54,0,0.14300000000000002,3921.414,0.0,2.0540000000000003,24.261999999999997,0.0,0.064,0,0,0.0,0.0,0,0.0,0.0,0.0,0,0.0,2225728,7.859,23.1,4.45,2.9760000000000004,16562.413,3.4,259.967,7.2,0.0,0.0,0.0,6.3,66.47,0.7020000000000001,11.6899699,-0.8999695
68,GBR,Europe,United Kingdom,9/28/2020,434969,5692,5816.0,41988,17,30.143,6407.344,83.846,85.67299999999999,618.507,0.25,0.444,0,0,0.0,0.0,0,0.0,0.0,0.0,0,0.0,67886004,272.89799999999997,40.8,18.517,12.527000000000001,39753.244,0.2,122.137,4.28,20.0,24.7,0.0,2.54,81.32,0.922,-3.2765753,54.7023545
69,GEO,Asia,Georgia,9/28/2020,5552,298,265.286,28,0,1.143,1391.766,74.702,66.501,7.019,0.0,0.28600000000000003,0,0,0.0,0.0,0,0.0,0.0,0.0,0,0.0,3989175,65.032,38.7,14.864,10.244000000000002,9745.079,4.2,496.218,7.11,5.3,55.5,0.0,2.6,73.77,0.78,-83.1137366,32.3293809
70,GGY,Europe,Guernsey,9/28/2020,256,0,0.14300000000000002,13,0,0.0,3817.9320000000002,0.0,2.131,193.87900000000002,0.0,0.0,0,0,0.0,0.0,0,0.0,0.0,0.0,0,0.0,67052,0.0,0.0,0.0,0.0,0.0,0.0,0.0,0.0,0.0,0.0,0.0,0.0,0.0,0.0,-2.484854,49.580437
71,GHA,Africa,Ghana,9/28/2020,46387,165,54.714,299,0,0.28600000000000003,1492.842,5.31,1.761,9.623,0.0,0.009000000000000001,0,0,0.0,0.0,0,0.0,0.0,0.0,0,0.0,31072945,126.719,21.1,3.385,1.9480000000000002,4227.63,12.0,298.245,4.97,0.3,7.7,41.047,0.9,64.07,0.5920000000000001,-1.0800271,8.0300284
72,GIB,Europe,Gibraltar,9/28/2020,379,7,4.143,0,0,0.0,11249.295,207.771,122.96600000000001,0.0,0.0,0.0,0,0,0.0,0.0,0,0.0,0.0,0.0,0,0.0,33691,3457.1,0.0,0.0,0.0,0.0,0.0,0.0,0.0,0.0,0.0,0.0,0.0,79.93,0.0,-5.3541295,36.140807
73,GIN,Africa,Guinea,9/28/2020,10580,32,36.429,66,0,0.28600000000000003,805.617,2.437,2.7739999999999996,5.026,0.0,0.022000000000000002,0,0,0.0,0.0,0,0.0,0.0,0.0,0,0.0,13132792,51.755,19.0,3.135,1.733,1998.9260000000002,35.3,336.717,2.42,0.0,0.0,17.45,0.3,61.6,0.45899999999999996,-10.7083587,10.7226226
74,GMB,Africa,Gambia,9/28/2020,3569,14,6.143,111,1,0.429,1476.829,5.792999999999999,2.542,45.931000000000004,0.414,0.177,0,0,0.0,0.0,0,0.0,0.0,0.0,0,75.93,2416664,207.56599999999997,17.5,2.339,1.4169999999999998,1561.767,10.1,331.43,1.91,0.7,31.2,7.876,1.1,62.05,0.46,-15.4900464,13.470062
75,GNB,Africa,Guinea-Bissau,9/28/2020,2324,0,3.0,39,0,0.0,1180.896,0.0,1.524,19.817,0.0,0.0,0,0,0.0,0.0,0,0.0,0.0,0.0,0,0.0,1967998,66.191,19.4,3.002,1.565,1548.675,67.1,382.474,2.42,0.0,0.0,6.403,0.0,58.32,0.455,-14.9000214,12.100035
76,GNQ,Africa,Equatorial Guinea,9/28/2020,5028,0,3.714,83,0,0.0,3583.7870000000003,0.0,2.647,59.16,0.0,0.0,0,0,0.0,0.0,0,0.0,0.0,0.0,0,0.0,1402985,45.193999999999996,22.4,2.846,1.7519999999999998,22604.873,0.0,202.812,7.78,0.0,0.0,24.64,2.1,58.74,0.591,10.5170357,1.613172
77,GRC,Europe,Greece,9/28/2020,17444,216,328.85699999999997,379,3,5.857,1673.5970000000002,20.723000000000003,31.551,36.361999999999995,0.28800000000000003,0.562,0,0,0.0,0.0,0,0.0,0.0,0.0,0,0.0,10423056,83.479,45.3,20.396,14.524000000000001,24574.382,1.5,175.695,4.55,35.3,52.0,0.0,4.21,82.24,0.87,21.9877132,38.9953683
78,GRD,North America,Grenada,9/28/2020,24,0,0.0,0,0,0.0,213.297,0.0,0.0,0.0,0.0,0.0,0,0,0.0,0.0,0,0.0,0.0,0.0,0,0.0,112519,317.132,29.4,7.303999999999999,5.021,13593.877,0.0,243.96400000000003,10.71,0.0,0.0,0.0,3.7,72.4,0.772,-61.6904045,12.1360374
79,GRL,North America,Greenland,9/28/2020,14,0,0.0,0,0,0.0,246.6,0.0,0.0,0.0,0.0,0.0,0,0,0.0,0.0,0,0.0,0.0,0.0,0,0.0,56772,0.13699999999999998,0.0,0.0,0.0,0.0,0.0,199.94099999999997,2.16,0.0,0.0,0.0,0.0,71.7,0.0,-42.8125967,77.6192349
80,GTM,North America,Guatemala,9/28/2020,90092,390,664.0,3229,16,15.714,5028.6990000000005,21.769000000000002,37.063,180.234,0.893,0.877,0,0,0.0,0.0,0,0.0,0.0,0.0,0,0.0,17915567,157.834,22.9,4.694,3.016,7423.808000000001,8.7,155.898,10.18,0.0,0.0,76.665,0.6,74.3,0.65,-89.8988087,15.6356088
81,GUM,Oceania,Guam,9/28/2020,2354,0,33.857,42,0,1.143,13946.902,0.0,200.59599999999998,248.84,0.0,6.771,0,0,0.0,0.0,0,0.0,0.0,0.0,0,0.0,168783,304.128,31.4,9.551,5.492999999999999,0.0,0.0,310.496,21.52,0.0,0.0,0.0,0.0,80.07,0.0,144.75755102972062,13.450125700000001
82,GUY,South America,Guyana,9/28/2020,2772,47,71.857,76,2,1.714,3524.211,59.754,91.35600000000001,96.62299999999999,2.543,2.1790000000000003,0,0,0.0,0.0,0,0.0,0.0,0.0,0,0.0,786559,3.952,26.3,5.305,2.8369999999999997,7435.047,0.0,373.159,11.62,0.0,0.0,77.15899999999999,1.6,69.91,0.654,-58.6416891,4.8417097
83,HND,North America,Honduras,9/28/2020,75109,561,499.0,2289,1,15.0,7583.238,56.64,50.381,231.105,0.10099999999999999,1.514,0,0,0.0,0.0,0,0.0,0.0,0.0,0,0.0,9904608,82.805,24.9,4.652,2.883,4541.795,16.0,240.208,7.21,2.0,0.0,84.169,0.7,75.27,0.617,-86.0755145,15.2572432
84,HRV,Europe,Croatia,9/28/2020,16197,190,182.143,272,3,3.429,3945.4179999999997,46.282,44.368,66.256,0.731,0.835,3029,295998,72.102,0.738,4838,1.178,26.561999999999998,0.038,people tested,32.41,4105268,73.726,44.0,19.724,13.052999999999999,22669.797000000002,0.7,253.782,5.59,34.3,39.9,0.0,5.54,78.49,0.831,17.0118954,45.5643442
85,HTI,North America,Haiti,9/28/2020,8723,0,14.857000000000001,227,0,0.857,765.005,0.0,1.3030000000000002,19.908,0.0,0.075,0,0,0.0,0.0,0,0.0,0.0,0.0,0,0.0,11402533,398.44800000000004,24.3,4.8,2.9539999999999997,1653.1729999999998,23.5,430.548,6.65,2.9,23.1,22.863000000000003,0.7,64.0,0.498,-72.3570972,19.1399952
86,HUN,Europe,Hungary,9/28/2020,24716,702,835.7139999999999,749,13,9.0,2558.499,72.668,86.51,77.533,1.3459999999999999,0.932,7065,697473,72.2,0.731,10207,1.057,12.214,0.08199999999999999,tests performed,0.0,9660350,108.04299999999999,43.4,18.577,11.975999999999999,26777.561,0.5,278.296,7.55,26.8,34.8,0.0,7.02,76.88,0.838,19.5060937,47.1817585
87,IDN,Asia,Indonesia,9/28/2020,285599,14260,5846.143,10386,78,119.0,1044.147,52.13399999999999,21.373,37.971,0.285,0.435,27637,1934863,7.074,0.10099999999999999,30955,0.113,5.295,0.18899999999999997,people tested,0.0,273523621,145.725,29.3,5.319,3.053,11188.743999999999,5.7,342.86400000000003,6.32,2.8,76.1,64.204,1.04,71.72,0.6940000000000001,117.8902853,-2.4833826
88,IMN,Europe,Isle of Man,9/28/2020,340,0,0.14300000000000002,24,0,0.0,3998.495,0.0,1.68,282.247,0.0,0.0,0,0,0.0,0.0,0,0.0,0.0,0.0,0,0.0,85032,147.872,0.0,0.0,0.0,0.0,0.0,0.0,0.0,0.0,0.0,0.0,0.0,81.4,0.0,-4.514598745698255,54.2358167
89,IND,Asia,India,9/28/2020,6074702,82170,83874.571,95542,1039,1094.286,4401.944,59.543,60.778,69.233,0.753,0.7929999999999999,0,0,0.0,0.0,0,0.0,0.0,0.0,0,0.0,1380004385,450.41900000000004,28.2,5.989,3.4139999999999997,6426.674,21.2,282.28,10.39,1.9,20.6,59.55,0.53,69.66,0.64,78.6677428,22.3511148
90,IRL,Europe,Ireland,9/28/2020,34990,430,293.857,1802,0,1.429,7086.156999999999,87.083,59.512,364.94,0.0,0.289,0,0,0.0,0.0,0,0.0,0.0,0.0,0,0.0,4937796,69.874,38.7,13.927999999999999,8.677999999999999,67335.293,0.2,126.459,3.28,23.0,25.7,0.0,2.96,82.3,0.938,-7.9794599,52.865196
91,IRN,Asia,Iran,9/28/2020,446448,3362,3472.571,25589,195,184.0,5315.303000000001,40.027,41.343999999999994,304.657,2.322,2.191,0,3932571,46.82,0.0,22753,0.271,6.5520000000000005,0.153,tests performed,0.0,83992953,49.831,32.4,5.44,3.182,19082.62,0.2,270.308,9.59,0.8,21.1,0.0,1.5,76.68,0.7979999999999999,54.5643516,32.6475314
92,IRQ,Asia,Iraq,9/28/2020,349450,3481,4345.0,8990,55,62.143,8687.923,86.544,108.024,223.507,1.367,1.545,0,0,0.0,0.0,0,0.0,0.0,0.0,0,0.0,40222503,88.125,20.0,3.1860000000000004,1.9569999999999999,15663.986,2.5,218.612,8.83,0.0,0.0,94.57600000000001,1.4,70.6,0.685,44.1749775,33.0955793
93,ISL,Europe,Iceland,9/28/2020,2623,22,39.571,10,0,0.0,7686.446999999999,64.469,115.96,29.304000000000002,0.0,0.0,0,0,0.0,0.0,0,0.0,0.0,0.0,0,0.0,341250,3.404,37.3,14.431,9.207,46482.958,0.2,117.992,5.31,14.3,15.2,0.0,2.91,82.99,0.935,-18.1059013,64.9841821
94,ISR,Asia,Israel,9/28/2020,231026,3926,6085.571,1466,25,30.0,26691.11,453.582,703.084,169.37099999999998,2.888,3.466,0,0,0.0,0.0,0,0.0,0.0,0.0,0,0.0,8655541,402.606,30.6,11.732999999999999,7.359,33132.32,0.5,93.32,6.74,15.4,35.4,0.0,2.99,82.97,0.903,34.8667654,31.5313113
95,ITA,Europe,Italy,9/28/2020,309870,1766,1673.4289999999999,35835,17,18.285999999999998,5125.052,29.209,27.677,592.688,0.281,0.302,0,0,0.0,0.0,0,0.0,0.0,0.0,0,0.0,60461828,205.859,47.9,23.021,16.24,35220.084,2.0,113.15100000000001,4.78,19.8,27.8,0.0,3.18,83.51,0.88,12.674297,42.6384261
96,JAM,North America,Jamaica,9/28/2020,5993,164,143.571,89,1,3.1430000000000002,2023.868,55.38399999999999,48.485,30.055999999999997,0.33799999999999997,1.061,0,0,0.0,0.0,0,0.0,0.0,0.0,0,0.0,2961161,266.879,31.4,9.684,6.39,8193.571,0.0,206.537,11.28,5.3,28.6,66.425,1.7,74.47,0.732,-77.1598454610168,18.1152958
97,JEY,Europe,Jersey,9/28/2020,400,0,1.0,32,0,0.0,3957.5359999999996,0.0,9.894,316.603,0.0,0.0,0,0,0.0,0.0,0,0.0,0.0,0.0,0,0.0,101073,0.0,0.0,0.0,0.0,0.0,0.0,0.0,0.0,0.0,0.0,0.0,0.0,0.0,0.0,-2.1255999596428845,49.21230655
98,JOR,Asia,Jordan,9/28/2020,8492,431,530.429,45,2,2.1430000000000002,832.293,42.242,51.986999999999995,4.41,0.196,0.21,0,0,0.0,0.0,0,0.0,0.0,0.0,0,0.0,10203140,109.285,23.2,3.81,2.3609999999999998,8337.49,0.1,208.257,11.75,0.0,0.0,0.0,1.4,74.53,0.735,36.941628,31.1667049
99,JPN,Asia,Japan,9/28/2020,82131,441,496.286,1548,3,6.857,649.378,3.487,3.924,12.239,0.024,0.054000000000000006,0,0,0.0,0.0,0,0.0,0.0,0.0,0,0.0,126476458,347.778,48.2,27.049,18.493,39002.223,0.0,79.37,5.72,11.2,33.7,0.0,13.05,84.63,0.909,139.2394179,36.5748441
100,KAZ,Asia,Kazakhstan,9/28/2020,140265,90,258.57099999999997,2049,1,4.857,7470.16,4.793,13.770999999999999,109.125,0.053,0.259,0,0,0.0,0.0,0,0.0,0.0,0.0,0,0.0,18776707,6.681,30.6,6.9910000000000005,4.625,24055.588,0.1,466.792,7.11,7.0,43.1,98.999,6.7,73.6,0.8,65.2093197,47.2286086
101,KEN,Africa,Kenya,9/28/2020,38115,244,162.0,691,2,6.143,708.835,4.538,3.013,12.850999999999999,0.037000000000000005,0.114,0,0,0.0,0.0,0,0.0,0.0,0.0,0,0.0,53771300,87.324,20.0,2.6860000000000004,1.528,2993.028,36.8,218.637,2.92,1.2,20.4,24.651,1.4,66.7,0.59,38.4313975,1.4419683
102,KGZ,Asia,Kyrgyzstan,9/28/2020,46355,104,126.286,1064,1,0.14300000000000002,7105.095,15.940999999999999,19.357,163.085,0.153,0.022000000000000002,0,0,0.0,0.0,0,0.0,0.0,0.0,0,0.0,6524191,32.333,26.3,4.489,2.8819999999999997,3393.474,1.4,436.36199999999997,7.11,3.6,50.5,89.22,4.5,71.45,0.672,74.724091,41.5089324
103,KHM,Asia,Cambodia,9/28/2020,276,0,0.14300000000000002,0,0,0.0,16.508,0.0,0.009000000000000001,0.0,0.0,0.0,0,0,0.0,0.0,0,0.0,0.0,0.0,0,0.0,16718971,90.67200000000001,25.6,4.412,2.385,3645.07,0.0,270.892,4.0,2.0,33.7,66.229,0.8,69.82,0.5820000000000001,104.869423,13.5066394
104,KNA,North America,Saint Kitts and Nevis,9/28/2020,19,0,0.28600000000000003,0,0,0.0,357.19699999999995,0.0,5.371,0.0,0.0,0.0,0,0,0.0,0.0,0,0.0,0.0,0.0,0,0.0,53192,212.865,0.0,0.0,0.0,24654.385,0.0,0.0,12.84,0.0,0.0,0.0,2.3,76.23,0.778,-62.6725973,17.250512
105,KOR,Asia,South Korea,9/28/2020,23661,50,88.0,406,5,3.0,461.505,0.975,1.716,7.919,0.098,0.059000000000000004,5077,2282716,44.523999999999994,0.099,10523,0.205,119.58,0.008,people tested,0.0,51269183,527.967,43.4,13.914000000000001,8.622,35938.373999999996,0.2,85.99799999999999,6.8,6.2,40.9,0.0,12.27,83.03,0.903,127.6961188,36.638392
106,KWT,Asia,Kuwait,9/28/2020,103544,345,587.143,601,4,2.4290000000000003,24245.982999999997,80.786,137.486,140.731,0.937,0.569,0,0,0.0,0.0,0,0.0,0.0,0.0,0,0.0,4270563,232.128,33.7,2.345,1.114,65530.537000000004,0.0,132.235,15.84,2.7,37.0,0.0,2.0,75.49,0.8029999999999999,47.4979476,29.2733964
107,LAO,Asia,Laos,9/28/2020,23,0,0.0,0,0,0.0,3.161,0.0,0.0,0.0,0.0,0.0,0,0,0.0,0.0,0,0.0,0.0,0.0,0,0.0,7275556,29.715,24.4,4.029,2.322,6397.36,22.7,368.111,4.0,7.3,51.2,49.839,1.5,67.92,0.601,103.378253,20.0171109
108,LBN,Asia,Lebanon,9/28/2020,36254,1012,993.0,347,7,7.143,5311.597,148.269,145.485,50.839,1.026,1.047,0,0,0.0,0.0,0,0.0,0.0,0.0,0,0.0,6825442,594.561,31.1,8.514,5.43,13367.565,0.0,266.591,12.71,26.9,40.7,0.0,2.9,78.93,0.757,35.843409,33.8750629
109,LBR,Africa,Liberia,9/28/2020,1339,1,0.5710000000000001,82,0,0.0,264.746,0.198,0.113,16.213,0.0,0.0,0,0,0.0,0.0,0,0.0,0.0,0.0,0,0.0,5057677,49.126999999999995,19.2,3.057,1.756,752.788,38.6,272.509,2.42,1.5,18.1,1.188,0.8,64.1,0.435,-9.3658524,5.7499721
110,LBY,Africa,Libya,9/28/2020,32364,536,630.714,520,21,11.714,4710.035,78.006,91.79,75.67699999999999,3.056,1.705,0,0,0.0,0.0,0,0.0,0.0,0.0,0,0.0,6871287,3.623,29.0,4.4239999999999995,2.8160000000000003,17881.509,0.0,341.86199999999997,10.43,0.0,0.0,0.0,3.7,72.91,0.706,18.1236723,26.8234472
111,LCA,North America,Saint Lucia,9/28/2020,27,0,0.0,0,0,0.0,147.036,0.0,0.0,0.0,0.0,0.0,0,0,0.0,0.0,0,0.0,0.0,0.0,0,0.0,183629,293.187,34.9,9.721,6.405,12951.839,0.0,204.62,11.62,0.0,0.0,87.20200000000001,1.3,76.2,0.747,-60.975036,13.8250489
112,LIE,Europe,Liechtenstein,9/28/2020,117,0,0.7140000000000001,1,0,0.0,3067.887,0.0,18.729,26.221,0.0,0.0,0,0,0.0,0.0,0,0.0,0.0,0.0,0,0.0,38137,237.012,0.0,0.0,0.0,0.0,0.0,0.0,7.77,0.0,0.0,0.0,2.397,82.49,0.9159999999999999,9.5531527,47.1416307
113,LKA,Asia,Sri Lanka,9/28/2020,3360,11,10.429,13,0,0.0,156.912,0.514,0.48700000000000004,0.607,0.0,0.0,0,0,0.0,0.0,0,0.0,0.0,0.0,0,0.0,21413250,341.955,34.1,10.068999999999999,5.331,11669.077,0.7,197.093,10.68,0.3,27.0,0.0,3.6,76.98,0.77,80.7137847,7.5554942
114,LSO,Africa,Lesotho,9/28/2020,1558,0,19.143,35,0,0.28600000000000003,727.2719999999999,0.0,8.936,16.338,0.0,0.133,0,0,0.0,0.0,0,0.0,0.0,0.0,0,0.0,2142252,73.562,22.2,4.506,2.647,2851.153,59.6,405.126,3.94,0.4,53.9,2.117,0.0,54.33,0.52,28.3350193,-29.6039267
115,LTU,Europe,Lithuania,9/28/2020,4385,90,91.571,91,2,0.5710000000000001,1610.776,33.06,33.638000000000005,33.428000000000004,0.735,0.21,0,0,0.0,0.0,0,0.0,0.0,0.0,0,0.0,2722291,45.135,43.5,19.002,13.777999999999999,29524.265,0.7,342.98900000000003,3.67,21.3,38.0,0.0,6.56,75.93,0.858,23.7499997,55.3500003
116,LUX,Europe,Luxembourg,9/28/2020,8357,46,79.0,124,0,0.0,13350.351999999999,73.485,126.20299999999999,198.09099999999998,0.0,0.0,0,0,0.0,0.0,0,0.0,0.0,0.0,0,0.0,625976,231.447,39.7,14.312000000000001,9.842,94277.965,0.2,128.275,4.42,20.9,26.0,0.0,4.51,82.25,0.904,6.1296751,49.8158683
117,LVA,Europe,Latvia,9/28/2020,1676,22,21.570999999999998,36,0,0.0,888.558,11.664000000000001,11.436,19.086,0.0,0.0,1398,312230,165.53400000000002,0.741,2262,1.199,104.861,0.01,tests performed,0.0,1886202,31.212,43.9,19.754,14.136,25063.846,0.7,350.06,4.91,25.6,51.0,0.0,5.57,75.29,0.847,24.7537645,56.8406494
118,MAR,Africa,Morocco,9/28/2020,117685,2444,2277.429,2069,28,34.143,3188.383,66.214,61.701,56.053999999999995,0.759,0.925,0,0,0.0,0.0,0,0.0,0.0,0.0,0,0.0,36910558,80.08,29.6,6.769,4.209,7485.013000000001,1.0,419.14599999999996,7.14,0.8,47.1,0.0,1.1,76.68,0.667,-7.3362482,31.1728205
119,MCO,Europe,Monaco,9/28/2020,210,0,2.4290000000000003,1,0,0.0,5351.1359999999995,0.0,61.88399999999999,25.482,0.0,0.0,0,0,0.0,0.0,0,0.0,0.0,0.0,0,0.0,39244,19347.5,0.0,0.0,0.0,0.0,0.0,0.0,5.46,0.0,0.0,0.0,13.8,86.75,0.0,7.4276832,43.7323492
120,MDA,Europe,Moldova,9/28/2020,50875,341,611.286,1287,8,12.0,12611.667,84.53200000000001,151.535,319.041,1.983,2.975,0,0,0.0,0.0,0,0.0,0.0,0.0,0,0.0,4033963,123.655,37.6,10.864,6.955,5189.972,0.2,408.50199999999995,5.72,5.9,44.6,86.979,5.8,71.9,0.7,28.5670941,47.2879608
121,MDG,Africa,Madagascar,9/28/2020,16285,28,33.143,229,0,0.857,588.097,1.011,1.197,8.27,0.0,0.031,0,0,0.0,0.0,0,0.0,0.0,0.0,0,0.0,27691019,43.951,19.6,2.929,1.686,1416.44,77.6,405.994,3.94,0.0,0.0,50.54,0.2,67.04,0.519,46.4416422,-18.9249604
122,MDV,Asia,Maldives,9/28/2020,10098,53,53.428999999999995,34,0,0.14300000000000002,18681.25,98.05,98.84299999999999,62.9,0.0,0.264,0,0,0.0,0.0,0,0.0,0.0,0.0,0,0.0,540542,1454.433,30.6,4.12,2.875,15183.616000000002,0.0,164.905,9.19,2.1,55.0,95.803,0.0,78.92,0.7170000000000001,73.3287853,4.7064352
123,MEX,North America,Mexico,9/28/2020,730317,3886,4664.857,76430,187,419.57099999999997,5664.325,30.14,36.181,592.79,1.45,3.2539999999999996,0,0,0.0,0.0,0,0.0,0.0,0.0,0,0.0,128932753,66.444,29.3,6.857,4.321000000000001,17336.468999999997,2.5,152.783,13.06,6.9,21.4,87.84700000000001,1.38,75.05,0.774,-99.1331785,19.4326296
124,MKD,Europe,Macedonia,9/28/2020,17629,146,127.714,725,3,4.571000000000001,8461.73,70.078,61.301,347.99199999999996,1.44,2.194,0,0,0.0,0.0,0,0.0,0.0,0.0,0,0.0,2083380,82.6,39.1,13.26,8.16,13111.214,5.0,322.688,10.08,0.0,0.0,0.0,4.28,75.8,0.757,21.7168387,41.6171214
125,MLI,Africa,Mali,9/28/2020,3086,6,10.429,130,0,0.28600000000000003,152.389,0.29600000000000004,0.515,6.419,0.0,0.013999999999999999,0,0,0.0,0.0,0,0.0,0.0,0.0,0,0.0,20250834,15.196,16.4,2.519,1.486,2014.306,0.0,268.024,2.42,1.6,23.0,52.232,0.1,59.31,0.42700000000000005,-2.2900239,16.3700359
126,MLT,Europe,Malta,9/28/2020,2929,0,28.285999999999998,29,0,1.286,6633.616,0.0,64.062,65.679,0.0,2.912,0,0,0.0,0.0,0,0.0,0.0,0.0,0,0.0,441539,1454.037,42.4,19.426,11.324000000000002,36513.323,0.2,168.71099999999998,8.83,20.9,30.2,0.0,4.485,82.53,0.878,14.4476911,35.8885993
127,MMR,Asia,Myanmar,9/28/2020,10734,743,704.143,226,28,18.857,197.28099999999998,13.655999999999999,12.940999999999999,4.154,0.515,0.34700000000000003,0,0,0.0,0.0,0,0.0,0.0,0.0,0,0.0,54409794,81.721,29.1,5.732,3.12,5591.597,6.4,202.104,4.61,6.3,35.2,79.28699999999999,0.9,67.13,0.578,95.9999652,17.1750495
128,MNE,Europe,Montenegro,9/28/2020,10313,116,243.0,158,0,3.1430000000000002,16420.353,184.695,386.904,251.56799999999998,0.0,5.004,0,0,0.0,0.0,0,0.0,0.0,0.0,0,0.0,628062,46.28,39.1,14.762,9.395,16409.288,1.0,387.305,10.08,44.0,47.9,0.0,3.861,76.88,0.8140000000000001,19.5180992,42.9868853
129,MNG,Asia,Mongolia,9/28/2020,313,0,0.14300000000000002,0,0,0.0,95.477,0.0,0.044000000000000004,0.0,0.0,0.0,0,0,0.0,0.0,0,0.0,0.0,0.0,0,0.0,3278292,1.98,28.6,4.031000000000001,2.421,11840.846000000001,0.5,460.043,4.82,5.5,46.5,71.18,7.0,69.87,0.741,103.8499736,46.8250388
130,MNP,Oceania,Northern Mariana Islands,9/28/2020,70,1,0.14300000000000002,2,0,0.0,1216.1860000000001,17.374000000000002,2.4819999999999998,34.748000000000005,0.0,0.0,0,0,0.0,0.0,0,0.0,0.0,0.0,0,0.0,57557,119.87799999999999,0.0,0.0,0.0,0.0,0.0,194.99400000000003,0.0,0.0,0.0,0.0,0.0,76.74,0.0,145.21345248318923,14.149020499999999
131,MOZ,Africa,Mozambique,9/28/2020,7983,226,173.143,58,4,2.1430000000000002,255.412,7.231,5.54,1.8559999999999999,0.128,0.069,0,0,0.0,0.0,0,0.0,0.0,0.0,0,0.0,31255435,37.728,17.7,3.158,1.87,1136.103,62.9,329.94199999999995,3.3,5.1,29.1,12.227,0.7,60.85,0.43700000000000006,34.9144977,-19.302233
132,MRT,Africa,Mauritania,9/28/2020,7462,5,13.429,161,0,0.0,1604.849,1.075,2.888,34.626,0.0,0.0,0,0,0.0,0.0,0,0.0,0.0,0.0,0,0.0,4649660,4.289,20.3,3.138,1.7919999999999998,3597.633,6.0,232.347,2.42,0.0,0.0,15.95,0.0,64.92,0.52,-9.2399263,20.2540382
133,MSR,North America,Montserrat,9/28/2020,13,0,0.0,1,0,0.0,2600.52,0.0,0.0,200.04,0.0,0.0,0,0,0.0,0.0,0,0.0,0.0,0.0,0,0.0,4999,0.0,0.0,0.0,0.0,0.0,0.0,0.0,0.0,0.0,0.0,0.0,0.0,74.16,0.0,-62.1916844,16.7417041
134,MUS,Africa,Mauritius,9/28/2020,367,0,0.0,10,0,0.0,288.575,0.0,0.0,7.8629999999999995,0.0,0.0,0,0,0.0,0.0,0,0.0,0.0,0.0,0,0.0,1271767,622.962,37.4,10.945,5.8839999999999995,20292.745,0.5,224.644,22.02,3.2,40.7,0.0,3.4,74.99,0.79,57.5703566,-20.2759451
135,MWI,Africa,Malawi,9/28/2020,5768,5,5.2860000000000005,179,0,0.0,301.517,0.261,0.276,9.357000000000001,0.0,0.0,0,0,0.0,0.0,0,0.0,0.0,0.0,0,54.63,19129955,197.519,18.1,2.9789999999999996,1.7830000000000001,1095.042,71.4,227.34900000000002,3.94,4.4,24.7,8.704,1.3,64.26,0.47700000000000004,33.9301963,-13.2687204
136,MYS,Asia,Malaysia,9/28/2020,10919,150,100.0,134,1,0.5710000000000001,337.36,4.6339999999999995,3.09,4.14,0.031,0.018000000000000002,0,0,0.0,0.0,0,0.0,0.0,0.0,0,0.0,32365998,96.25399999999999,29.9,6.292999999999999,3.407,26808.164,0.1,260.942,16.74,1.0,42.4,0.0,1.9,76.16,0.802,102.2656823,4.5693754
137,NAM,Africa,Namibia,9/28/2020,11033,115,93.714,120,0,1.143,4342.135,45.25899999999999,36.882,47.227,0.0,0.45,0,0,0.0,0.0,0,0.0,0.0,0.0,0,0.0,2540916,3.0780000000000003,22.0,3.552,2.085,9541.808,13.4,243.81099999999998,3.94,9.7,34.2,44.6,0.0,63.71,0.647,17.3231107,-23.2335499
138,NCL,Oceania,New Caledonia,9/28/2020,27,0,0.14300000000000002,0,0,0.0,94.574,0.0,0.5,0.0,0.0,0.0,0,0,0.0,0.0,0,0.0,0.0,0.0,0,0.0,285491,15.342,33.4,9.954,6.489,0.0,0.0,0.0,23.36,0.0,0.0,0.0,0.0,77.55,0.0,164.55660583077983,-20.454288599999998
139,NER,Africa,Niger,9/28/2020,1196,2,1.143,69,0,0.0,49.408,0.083,0.047,2.85,0.0,0.0,0,0,0.0,0.0,0,0.0,0.0,0.0,0,0.0,24206636,16.955,15.1,2.553,1.3780000000000001,926.0,44.5,238.33900000000003,2.42,0.1,15.4,8.978,0.3,62.42,0.354,9.3238432,17.7356214
140,NGA,Africa,Nigeria,9/28/2020,58324,126,154.571,1108,2,1.429,282.934,0.611,0.75,5.375,0.01,0.006999999999999999,0,0,0.0,0.0,0,0.0,0.0,0.0,0,0.0,206139587,209.588,18.1,2.7510000000000003,1.4469999999999998,5338.454000000001,0.0,181.013,2.42,0.6,10.8,41.949,0.0,54.69,0.532,7.9999721,9.6000359
141,NIC,North America,Nicaragua,9/28/2020,5086,0,17.857,149,0,0.28600000000000003,767.75,0.0,2.696,22.491999999999997,0.0,0.043,0,0,0.0,0.0,0,0.0,0.0,0.0,0,0.0,6624554,51.667,27.3,5.445,3.5189999999999997,5321.444,3.2,137.016,11.47,0.0,0.0,0.0,0.9,74.48,0.6579999999999999,-85.2936911,12.6090157
142,NLD,Europe,Netherlands,9/28/2020,111510,2989,2546.571,6365,8,13.571,6507.781,174.44,148.619,371.465,0.467,0.792,0,0,0.0,0.0,0,0.0,0.0,0.0,0,0.0,17134873,508.54400000000004,43.2,18.779,11.880999999999998,48472.545,0.0,109.361,5.29,24.4,27.3,0.0,3.32,82.28,0.9309999999999999,5.7480821,52.5001698
143,NOR,Europe,Norway,9/28/2020,13406,0,108.714,270,0,0.429,2472.865,0.0,20.053,49.803999999999995,0.0,0.079,0,0,0.0,0.0,0,0.0,0.0,0.0,0,0.0,5421242,14.462,39.7,16.820999999999998,10.812999999999999,64800.057,0.2,114.316,5.31,19.6,20.7,0.0,3.6,82.4,0.953,11.52803643954819,64.5731537
144,NPL,Asia,Nepal,9/28/2020,73394,1573,1324.5710000000001,477,10,9.429,2518.944,53.986999999999995,45.46,16.371,0.34299999999999997,0.324,0,0,0.0,0.0,0,0.0,0.0,0.0,0,0.0,29136808,204.43,25.0,5.809,3.2119999999999997,2442.804,15.0,260.797,7.26,9.5,37.8,47.782,0.3,70.78,0.574,84.0917139,28.1083929
145,NZL,Oceania,New Zealand,9/28/2020,1477,0,1.857,25,0,0.0,306.29,0.0,0.385,5.184,0.0,0.0,0,0,0.0,0.0,0,0.0,0.0,0.0,0,0.0,4822233,18.206,37.9,15.322000000000001,9.72,36085.843,0.0,128.797,8.08,14.8,17.2,0.0,2.61,82.29,0.917,172.8344077,-41.5000831
146,OMN,Asia,Oman,9/28/2020,97450,1543,567.857,909,24,9.0,19083.065,302.157,111.2,178.00400000000002,4.7,1.7619999999999998,0,0,0.0,0.0,0,0.0,0.0,0.0,0,0.0,5106622,14.98,30.7,2.355,1.53,37960.709,0.0,266.342,12.61,0.5,15.6,97.4,1.6,77.86,0.821,57.0036901,21.0000287
147,PAK,Asia,Pakistan,9/28/2020,310841,566,648.143,6466,9,6.571000000000001,1407.2060000000001,2.562,2.9339999999999997,29.272,0.040999999999999995,0.03,28887,3449541,15.616,0.131,36461,0.165,56.255,0.018000000000000002,tests performed,41.2,220892331,255.57299999999998,23.5,4.495,2.78,5034.708,4.0,423.031,8.35,2.8,36.7,59.607,0.6,67.27,0.562,71.247499,30.3308401
148,PAN,North America,Panama,9/28/2020,110555,447,621.714,2340,17,11.857000000000001,25622.467,103.598,144.09,542.323,3.94,2.748,0,0,0.0,0.0,0,0.0,0.0,0.0,0,0.0,4314768,55.133,29.7,7.917999999999999,5.03,22267.037,2.2,128.346,8.33,2.4,9.9,0.0,2.3,78.51,0.789,-81.1308434,8.559559
149,PER,South America,Peru,9/28/2020,805302,5160,5201.0,32262,120,127.571,24423.928,156.497,157.741,978.471,3.639,3.8689999999999998,0,0,0.0,0.0,0,0.0,0.0,0.0,0,85.19,32971846,25.129,29.1,7.151,4.455,12236.706,3.5,85.755,5.95,4.8,0.0,0.0,1.6,76.74,0.75,-75.0458515,-6.8699697
150,PHL,Asia,Philippines,9/28/2020,304226,2970,2497.571,5344,60,51.428999999999995,2776.264,27.103,22.791999999999998,48.768,0.5479999999999999,0.469,0,0,0.0,0.0,0,0.0,0.0,0.0,0,0.0,109581085,351.87300000000005,25.2,4.803,2.661,7599.188,0.0,370.43699999999995,7.07,7.8,40.8,78.46300000000001,1.0,71.23,0.6990000000000001,122.7312101,12.7503486
151,PNG,Oceania,Papua New Guinea,9/28/2020,532,0,2.1430000000000002,7,0,0.0,59.461000000000006,0.0,0.24,0.782,0.0,0.0,0,0,0.0,0.0,0,0.0,0.0,0.0,0,0.0,8947027,18.22,22.6,3.8080000000000003,2.142,3823.1940000000004,0.0,561.494,17.65,23.5,48.8,0.0,0.0,64.5,0.544,144.2489081,-5.6816069
152,POL,Europe,Poland,9/28/2020,87330,1350,1155.714,2432,8,19.857,2307.472,35.67,30.537,64.259,0.21100000000000002,0.525,0,0,0.0,0.0,0,0.0,0.0,0.0,0,0.0,37846605,124.027,41.8,16.762999999999998,10.202,27216.445,0.0,227.331,5.91,23.3,33.1,0.0,6.62,78.73,0.865,19.134422,52.215933
153,PRI,North America,Puerto Rico,9/28/2020,46304,891,638.0,644,2,5.143,16185.456,311.447,223.011,225.109,0.6990000000000001,1.798,0,0,0.0,0.0,0,0.0,0.0,0.0,0,0.0,2860840,376.23199999999997,38.2,15.168,9.829,35044.67,0.0,108.094,12.9,0.0,0.0,0.0,0.0,80.1,0.0,-66.41328179513847,18.2214149
154,PRT,Europe,Portugal,9/28/2020,73604,665,718.143,1953,9,5.857,7218.409000000001,65.217,70.429,191.532,0.883,0.574,0,0,0.0,0.0,0,0.0,0.0,0.0,0,0.0,10196707,112.37100000000001,46.2,21.502,14.924000000000001,27936.896,0.5,127.84200000000001,9.85,16.3,30.0,0.0,3.39,82.05,0.847,-7.8896263,40.0332629
155,PRY,South America,Paraguay,9/28/2020,38684,762,737.7139999999999,803,21,20.570999999999998,5423.601,106.834,103.43,112.583,2.944,2.884,0,0,0.0,0.0,0,0.0,0.0,0.0,0,0.0,7132530,17.144000000000002,26.5,6.377999999999999,3.833,8827.01,1.7,199.128,8.27,5.0,21.6,79.602,1.3,74.25,0.7020000000000001,-58.1693445,-23.3165935
156,PSE,Asia,Palestine,9/28/2020,49193,621,535.286,343,9,6.143,9643.009,121.73100000000001,104.929,67.236,1.764,1.204,0,0,0.0,0.0,0,0.0,0.0,0.0,0,0.0,5101416,778.202,20.4,3.043,1.726,4449.898,1.0,265.91,10.59,0.0,0.0,0.0,0.0,74.05,0.6859999999999999,35.27386547291496,31.94696655
157,PYF,Oceania,French Polynesia,9/28/2020,1332,0,2.0,5,0,0.429,4741.834,0.0,7.12,17.8,0.0,1.526,0,0,0.0,0.0,0,0.0,0.0,0.0,0,0.0,280904,77.324,32.7,7.775,4.593,0.0,0.0,0.0,22.63,0.0,0.0,0.0,0.0,77.66,0.0,-146.0490931059517,-16.03442485
158,QAT,Asia,Qatar,9/28/2020,125084,234,244.0,214,0,0.5710000000000001,43415.965,81.22,84.691,74.278,0.0,0.198,0,0,0.0,0.0,0,0.0,0.0,0.0,0,0.0,2881060,227.322,31.9,1.307,0.617,116935.6,0.0,176.69,16.52,0.8,26.9,0.0,1.2,80.23,0.856,51.2295295,25.3336984
159,ROU,Europe,Romania,9/28/2020,122673,1438,1413.1429999999998,4718,31,40.429,6376.704000000001,74.749,73.457,245.248,1.611,2.102,0,0,0.0,0.0,0,0.0,0.0,0.0,0,0.0,19237682,85.12899999999999,43.0,17.85,11.69,23313.199,5.7,370.94599999999997,9.74,22.9,37.1,0.0,6.892,76.05,0.8109999999999999,24.6859225,45.9852129
160,RUS,Europe,Russia,9/28/2020,1151438,7867,6862.714,20324,99,129.429,7890.104,53.908,47.026,139.268,0.6779999999999999,0.887,0,0,0.0,0.0,0,0.0,0.0,0.0,0,0.0,145934460,8.823,39.6,14.177999999999999,9.392999999999999,24765.953999999998,0.1,431.29699999999997,6.18,23.4,58.3,0.0,8.05,72.58,0.816,97.7453061,64.6863136
161,RWA,Africa,Rwanda,9/28/2020,4820,9,15.571,29,0,0.429,372.13699999999994,0.695,1.202,2.239,0.0,0.033,0,0,0.0,0.0,0,0.0,0.0,0.0,0,0.0,12952209,494.869,20.3,2.9739999999999998,1.642,1854.211,56.0,191.375,4.28,4.7,21.0,4.617,0.0,69.02,0.524,30.0644358,-1.9646631
162,SAU,Asia,Saudi Arabia,9/28/2020,333193,403,491.286,4683,28,28.285999999999998,9570.698,11.575999999999999,14.112,134.515,0.804,0.812,0,0,0.0,0.0,0,0.0,0.0,0.0,0,0.0,34813867,15.322000000000001,31.9,3.295,1.845,49045.41099999999,0.0,259.538,17.72,1.8,25.4,0.0,2.7,75.13,0.853,42.3528328,25.6242618
163,SDN,Africa,Sudan,9/28/2020,13606,0,7.2860000000000005,836,0,0.0,310.29,0.0,0.166,19.065,0.0,0.0,0,0,0.0,0.0,0,0.0,0.0,0.0,0,0.0,43849269,23.258000000000003,19.7,3.548,2.0340000000000003,4466.5070000000005,0.0,431.38800000000003,15.67,0.0,0.0,23.436999999999998,0.8,65.31,0.502,29.4917691,14.5844444
164,SEN,Africa,Senegal,9/28/2020,14909,40,27.857,308,2,0.857,890.4119999999999,2.3890000000000002,1.6640000000000001,18.395,0.11900000000000001,0.051,0,0,0.0,0.0,0,0.0,0.0,0.0,0,0.0,16743930,82.32799999999999,18.7,3.008,1.796,2470.58,38.0,241.21900000000002,2.42,0.4,16.6,20.859,0.0,67.94,0.505,-14.4529612,14.4750607
165,SGP,Asia,Singapore,9/28/2020,57700,15,17.714000000000002,27,0,0.0,9862.67,2.5639999999999996,3.028,4.615,0.0,0.0,0,0,0.0,0.0,0,0.0,0.0,0.0,0,0.0,5850343,7915.731,42.4,12.922,7.0489999999999995,85535.383,0.0,92.243,10.99,5.2,28.3,0.0,2.4,83.62,0.932,103.83039182212079,1.3408630000000001
166,SLE,Africa,Sierra Leone,9/28/2020,2215,7,6.7139999999999995,72,0,0.0,277.67400000000004,0.878,0.8420000000000001,9.026,0.0,0.0,0,0,0.0,0.0,0,0.0,0.0,0.0,0,0.0,7976985,104.7,19.1,2.5380000000000003,1.285,1390.3,52.2,325.721,2.42,8.8,41.3,19.275,0.0,54.7,0.419,-11.8400269,8.6400349
167,SLV,North America,El Salvador,9/28/2020,28630,215,153.857,826,0,2.0,4413.986,33.147,23.721,127.34700000000001,0.0,0.308,0,0,0.0,0.0,0,0.0,0.0,0.0,0,0.0,6486201,307.811,27.6,8.273,5.417000000000001,7292.4580000000005,2.2,167.295,8.87,2.5,18.8,90.65,1.3,73.32,0.674,-88.9140683,13.8000382
168,SMR,Europe,San Marino,9/28/2020,746,0,3.286,42,0,0.0,21981.26,0.0,96.815,1237.5510000000002,0.0,0.0,0,0,0.0,0.0,0,0.0,0.0,0.0,0,0.0,33938,556.6669999999999,0.0,0.0,0.0,56861.47,0.0,0.0,5.64,0.0,0.0,0.0,3.8,84.97,0.0,12.458306,43.9458623
169,SOM,Africa,Somalia,9/28/2020,3588,0,20.857,99,0,0.14300000000000002,225.757,0.0,1.3119999999999998,6.229,0.0,0.009000000000000001,0,0,0.0,0.0,0,0.0,0.0,0.0,0,0.0,15893219,23.5,16.8,2.7310000000000003,1.496,0.0,0.0,365.769,6.05,0.0,0.0,9.831,0.9,57.4,0.0,49.083416,8.3676771
170,SRB,Europe,Serbia,9/28/2020,33384,72,68.0,747,1,0.857,4906.096,10.581,9.993,109.779,0.147,0.126,0,0,0.0,0.0,0,0.0,0.0,0.0,0,0.0,6804596,80.291,41.2,17.366,0.0,14048.881000000001,0.0,439.415,10.08,37.7,40.2,97.719,5.609,76.0,0.787,21.07657433209902,44.024322850000004
171,SSD,Africa,South Sudan,9/28/2020,2686,10,6.2860000000000005,49,0,0.0,239.956,0.893,0.562,4.377,0.0,0.0,0,0,0.0,0.0,0,0.0,0.0,0.0,0,0.0,11193729,0.0,19.2,3.4410000000000003,2.032,1569.888,0.0,280.775,10.43,0.0,0.0,0.0,0.0,57.85,0.38799999999999996,29.6667897,7.8699431
172,STP,Africa,Sao Tome and Principe,9/28/2020,911,0,0.429,15,0,0.0,4156.7609999999995,0.0,1.956,68.443,0.0,0.0,0,0,0.0,0.0,0,0.0,0.0,0.0,0,0.0,219161,212.84099999999998,18.7,2.886,2.162,3052.7140000000004,32.3,270.113,2.42,0.0,0.0,41.34,2.9,70.39,0.589,6.9648718,0.8875498
173,SUR,South America,Suriname,9/28/2020,4835,4,16.0,102,0,0.7140000000000001,8241.936,6.819,27.274,173.873,0.0,1.218,0,0,0.0,0.0,0,0.0,0.0,0.0,0,0.0,586634,3.612,29.6,6.933,4.229,13767.118999999999,0.0,258.314,12.54,7.4,42.9,67.779,3.1,71.68,0.72,-56.0771187,4.1413025
174,SVK,Europe,Slovakia,9/28/2020,9078,478,343.0,44,0,0.7140000000000001,1662.746,87.552,62.825,8.059,0.0,0.131,0,0,0.0,0.0,0,0.0,0.0,0.0,0,0.0,5459643,113.12799999999999,41.2,15.07,9.167,30155.152000000002,0.7,287.959,7.29,23.1,37.7,0.0,5.82,77.54,0.855,19.4528646,48.7411522
175,SVN,Europe,Slovenia,9/28/2020,5350,159,132.857,136,0,0.429,2573.437,76.482,63.906000000000006,65.418,0.0,0.20600000000000002,0,0,0.0,0.0,0,0.0,0.0,0.0,0,0.0,2078932,102.619,44.5,19.062,12.93,31400.84,0.0,153.493,7.25,20.1,25.0,0.0,4.5,81.32,0.8959999999999999,14.4808369,45.8133113
176,SWZ,Africa,Swaziland,9/28/2020,5431,12,23.143,108,0,0.5710000000000001,4681.235,10.343,19.948,93.09,0.0,0.493,0,0,0.0,0.0,0,0.0,0.0,0.0,0,0.0,1160164,79.492,21.5,3.1630000000000003,1.845,7738.975,0.0,333.436,3.94,1.7,16.5,24.096999999999998,2.1,60.19,0.588,31.3991317,-26.5624806
178,SYC,Africa,Seychelles,9/28/2020,143,0,0.28600000000000003,0,0,0.0,1454.139,0.0,2.905,0.0,0.0,0.0,0,0,0.0,0.0,0,0.0,0.0,0.0,0,0.0,98340,208.354,36.2,8.606,5.586,26382.287,1.1,242.648,10.55,7.1,35.7,0.0,3.6,73.4,0.797,55.4540146,-4.6574977
179,SYR,Asia,Syria,9/28/2020,4072,34,38.857,192,4,2.8569999999999998,232.67700000000002,1.943,2.22,10.970999999999998,0.22899999999999998,0.163,0,0,0.0,0.0,0,0.0,0.0,0.0,0,0.0,17500657,0.0,21.7,0.0,2.577,0.0,0.0,376.264,0.0,0.0,0.0,70.598,1.5,72.7,0.536,39.0494106,34.6401861
180,TCA,North America,Turks and Caicos Islands,9/28/2020,682,1,2.0,5,0,0.0,17614.546000000002,25.828000000000003,51.656000000000006,129.139,0.0,0.0,0,0,0.0,0.0,0,0.0,0.0,0.0,0,0.0,38718,37.312,0.0,0.0,0.0,0.0,0.0,0.0,0.0,0.0,0.0,0.0,0.0,80.22,0.0,-71.6201783,21.7214683
181,TCD,Africa,Chad,9/28/2020,1178,1,3.8569999999999998,84,1,0.429,71.71600000000001,0.061,0.235,5.114,0.061,0.026000000000000002,0,0,0.0,0.0,0,0.0,0.0,0.0,0,73.15,16425859,11.833,16.7,2.4859999999999998,1.446,1768.1529999999998,38.4,280.995,6.1,0.0,0.0,5.818,0.0,54.24,0.40399999999999997,19.0156172,15.6134137
182,TGO,Africa,Togo,9/28/2020,1743,7,11.0,46,0,0.7140000000000001,210.53900000000002,0.846,1.329,5.556,0.0,0.086,0,0,0.0,0.0,0,0.0,0.0,0.0,0,0.0,8278737,143.366,19.4,2.839,1.525,1429.8129999999999,49.2,280.033,6.15,0.9,14.2,10.475,0.7,61.04,0.503,1.0199765,8.7800265
183,THA,Asia,Thailand,9/28/2020,3545,22,5.571000000000001,59,0,0.0,50.788000000000004,0.315,0.08,0.845,0.0,0.0,0,0,0.0,0.0,0,0.0,0.0,0.0,0,0.0,69799978,135.132,40.1,11.373,6.89,16277.671,0.1,109.861,7.04,1.9,38.8,90.67,2.1,77.15,0.755,100.83273,14.8971921
184,TJK,Asia,Tajikistan,9/28/2020,9646,41,42.857,75,0,0.28600000000000003,1011.3610000000001,4.2989999999999995,4.493,7.864,0.0,0.03,0,0,0.0,0.0,0,0.0,0.0,0.0,0,0.0,9537642,64.281,23.3,3.466,2.155,2896.913,4.8,427.69800000000004,7.11,0.0,0.0,72.704,4.8,71.1,0.65,70.8156541,38.6281733
185,TLS,Asia,Timor,9/28/2020,27,0,0.0,0,0,0.0,20.479,0.0,0.0,0.0,0.0,0.0,0,0,0.0,0.0,0,0.0,0.0,0.0,0,0.0,1318442,87.176,18.0,3.556,1.8969999999999998,6570.102,30.3,335.346,6.86,6.3,78.1,28.178,5.9,69.5,0.625,124.63727993791622,-9.346017100000001
186,TTO,North America,Trinidad and Tobago,9/28/2020,4362,50,65.857,71,1,0.857,3116.847,35.727,47.058,50.733000000000004,0.715,0.612,0,0,0.0,0.0,0,0.0,0.0,0.0,0,0.0,1399491,266.88599999999997,36.2,10.014,5.819,28763.071,0.0,228.467,10.97,0.0,0.0,89.443,3.0,73.51,0.784,-60.9821067,10.8677845
187,TUN,Africa,Tunisia,9/28/2020,16114,936,768.857,214,7,7.857,1363.442,79.197,65.055,18.107,0.5920000000000001,0.665,0,0,0.0,0.0,0,0.0,0.0,0.0,0,0.0,11818618,74.22800000000001,32.7,8.001,5.075,10849.296999999999,2.0,318.991,8.52,1.1,65.8,78.687,2.3,76.7,0.735,9.400138,33.8439408
188,TUR,Asia,Turkey,9/28/2020,314433,1467,1652.286,7997,68,70.143,3728.2009999999996,17.394000000000002,19.590999999999998,94.82,0.8059999999999999,0.8320000000000001,101119,10037700,119.016,1.199,93678,1.111,56.696000000000005,0.018000000000000002,tests performed,0.0,84339067,104.914,31.6,8.152999999999999,5.061,25129.341,0.2,171.285,12.13,14.1,41.1,0.0,2.81,77.69,0.7909999999999999,34.9249653,38.9597594
189,TWN,Asia,Taiwan,9/28/2020,510,0,0.14300000000000002,7,0,0.0,21.413,0.0,0.006,0.294,0.0,0.0,0,0,0.0,0.0,0,0.0,0.0,0.0,0,0.0,23816775,0.0,42.2,0.0,8.353,0.0,0.0,103.95700000000001,0.0,0.0,0.0,0.0,0.0,80.46,0.0,120.83536313817521,23.59829785
190,TZA,Africa,Tanzania,9/28/2020,509,0,0.0,21,0,0.0,8.521,0.0,0.0,0.35200000000000004,0.0,0.0,0,0,0.0,0.0,0,0.0,0.0,0.0,0,8.33,59734213,64.699,17.7,3.108,1.874,2683.304,49.1,217.28799999999998,5.75,3.3,26.7,47.953,0.7,65.46,0.5379999999999999,35.7878438,-6.5247123
191,UGA,Africa,Uganda,9/28/2020,7530,166,177.571,73,2,1.429,164.623,3.6289999999999996,3.8819999999999997,1.5959999999999999,0.044000000000000004,0.031,0,0,0.0,0.0,0,0.0,0.0,0.0,0,0.0,45741000,213.75900000000001,16.4,2.168,1.308,1697.707,41.6,213.333,2.5,3.4,16.7,21.221999999999998,0.5,63.37,0.516,32.2166578,1.5333554
192,UKR,Europe,Ukraine,9/28/2020,198634,3130,3279.429,3959,56,57.428999999999995,4541.892,71.569,74.986,90.525,1.28,1.3130000000000002,16533,2226508,50.911,0.37799999999999995,23981,0.5479999999999999,7.313,0.13699999999999998,tests performed,0.0,43733759,77.39,41.4,16.462,11.133,7894.393,0.1,539.849,7.11,13.5,47.4,0.0,8.8,72.06,0.7509999999999999,31.2718321,49.4871968
193,URY,South America,Uruguay,9/28/2020,2008,10,13.0,47,0,0.14300000000000002,578.053,2.8789999999999996,3.742,13.53,0.0,0.040999999999999995,0,0,0.0,0.0,0,0.0,0.0,0.0,0,0.0,3473727,19.750999999999998,35.6,14.655,10.360999999999999,20551.409,0.1,160.708,6.93,14.0,19.9,0.0,2.8,77.91,0.804,-56.0201525,-32.8755548
194,USA,North America,United States,9/28/2020,7115046,36248,44318.857,204756,259,749.571,21495.435,109.51,133.893,618.5930000000001,0.782,2.265,0,0,0.0,0.0,0,0.0,0.0,0.0,0,62.5,331002647,35.608000000000004,38.3,15.413,9.732000000000001,54225.445999999996,1.2,151.089,10.79,19.1,24.6,0.0,2.77,78.86,0.924,-100.4458825,39.7837304
195,UZB,Asia,Uzbekistan,9/28/2020,55593,640,543.429,460,6,3.571,1661.02,19.122,16.237000000000002,13.744000000000002,0.179,0.107,0,0,0.0,0.0,0,0.0,0.0,0.0,0,0.0,33469199,76.134,28.2,4.468999999999999,2.873,6253.104,0.0,724.4169999999999,7.57,1.3,24.7,0.0,4.0,71.72,0.71,63.9528098,41.32373
196,VAT,Europe,Vatican,9/28/2020,12,0,0.0,0,0,0.0,14833.127,0.0,0.0,0.0,0.0,0.0,0,0,0.0,0.0,0,0.0,0.0,0.0,0,0.0,809,0.0,0.0,0.0,0.0,0.0,0.0,0.0,0.0,0.0,0.0,0.0,0.0,75.12,0.0,12.4528349,41.9034912
197,VCT,North America,Saint Vincent and the Grenadines,9/28/2020,64,0,0.0,0,0,0.0,576.852,0.0,0.0,0.0,0.0,0.0,0,0,0.0,0.0,0,0.0,0.0,0.0,0,0.0,110947,281.78700000000003,31.8,7.724,4.832,10727.146,0.0,252.675,11.62,0.0,0.0,0.0,2.6,72.53,0.723,-61.2765569,12.90447
198,VEN,South America,Venezuela,9/28/2020,72691,751,862.143,606,6,8.429,2556.3070000000002,26.41,30.319000000000003,21.311,0.21100000000000002,0.29600000000000004,0,0,0.0,0.0,0,0.0,0.0,0.0,0,0.0,28435943,36.253,29.0,6.614,3.915,16745.022,0.0,204.85,6.47,0.0,0.0,0.0,0.8,72.06,0.7609999999999999,-66.1109318,8.0018709
199,VGB,North America,British Virgin Islands,9/28/2020,71,0,0.0,1,0,0.0,2348.117,0.0,0.0,33.071999999999996,0.0,0.0,0,0,0.0,0.0,0,0.0,0.0,0.0,0,0.0,30237,207.97299999999998,0.0,0.0,0.0,0.0,0.0,0.0,13.67,0.0,0.0,0.0,0.0,79.07,0.0,-64.5661642,18.4024395
200,VIR,North America,United States Virgin Islands,9/28/2020,1317,0,6.857,19,0,0.0,12612.163999999999,0.0,65.667,181.952,0.0,0.0,0,0,0.0,0.0,0,0.0,0.0,0.0,0,0.0,104423,306.48,42.2,18.601,10.799000000000001,0.0,0.0,273.67,12.26,0.0,0.0,0.0,0.0,80.58,0.0,-64.7080574,17.789187
201,VNM,Asia,Vietnam,9/28/2020,1074,5,0.857,35,0,0.0,11.034,0.051,0.009000000000000001,0.36,0.0,0.0,0,0,0.0,0.0,0,0.0,0.0,0.0,0,0.0,97338583,308.127,32.6,7.15,4.718,6171.884,2.0,245.465,6.0,1.0,45.9,85.84700000000001,2.6,75.4,0.6940000000000001,108.4265113,13.2904027
202,OWID_KOS,Europe,Kosovo,9/28/2020,15472,47,58.428999999999995,622,3,1.286,8005.075,24.316999999999997,30.23,321.817,1.5519999999999998,0.665,0,0,0.0,0.0,0,0.0,0.0,0.0,0,0.0,1932774,168.155,0.0,0.0,0.0,9795.834,0.6,0.0,0.0,0.0,0.0,0.0,0.0,0.0,0.0,20.9021231,42.5869578
203,YEM,Asia,Yemen,9/28/2020,2034,1,0.5710000000000001,588,0,0.28600000000000003,68.196,0.034,0.019,19.714000000000002,0.0,0.01,0,0,0.0,0.0,0,0.0,0.0,0.0,0,0.0,29825968,53.508,20.3,2.9219999999999997,1.5830000000000002,1479.1470000000002,18.8,495.00300000000004,5.35,7.6,29.2,49.542,0.7,66.12,0.452,47.8915271,16.3471243
204,ZAF,Africa,South Africa,9/28/2020,670766,1268,1365.0,16398,22,63.571000000000005,11309.742,21.38,23.015,276.486,0.371,1.072,0,0,0.0,0.0,0,0.0,0.0,0.0,0,0.0,59308690,46.754,27.3,5.343999999999999,3.053,12294.876,18.9,200.38,5.52,8.1,33.2,43.993,2.32,64.13,0.6990000000000001,24.991639,-28.8166236
205,ZMB,Africa,Zambia,9/28/2020,14641,29,72.857,332,0,0.28600000000000003,796.4010000000001,1.577,3.963,18.059,0.0,0.016,0,0,0.0,0.0,0,0.0,0.0,0.0,0,0.0,18383956,22.995,17.7,2.48,1.5419999999999998,3689.2509999999997,57.5,234.49900000000002,3.94,3.1,24.7,13.937999999999999,2.0,63.89,0.588,27.5599164,-14.5186239
206,ZWE,Africa,Zimbabwe,9/28/2020,7812,9,18.429000000000002,227,0,0.28600000000000003,525.6030000000001,0.606,1.24,15.273,0.0,0.019,0,0,0.0,0.0,0,0.0,0.0,0.0,0,0.0,14862927,42.729,19.6,2.822,1.882,1899.775,21.4,307.846,1.82,1.6,30.7,36.791,1.7,61.49,0.535,29.7468414,-18.4554963
