iso_code,continent,location,date,total_cases,new_cases,new_cases_smoothed,total_deaths,new_deaths,new_deaths_smoothed,total_cases_per_million,new_cases_per_million,new_cases_smoothed_per_million,total_deaths_per_million,new_deaths_per_million,new_deaths_smoothed_per_million,new_tests,total_tests,total_tests_per_thousand,new_tests_per_thousand,new_tests_smoothed,new_tests_smoothed_per_thousand,tests_per_case,positive_rate,tests_units,stringency_index,population,population_density,median_age,aged_65_older,aged_70_older,gdp_per_capita,extreme_poverty,cardiovasc_death_rate,diabetes_prevalence,female_smokers,male_smokers,handwashing_facilities,hospital_beds_per_thousand,life_expectancy,human_development_index
ABW,North America,Aruba,9/28/2020,3844,12,41.857,25,0,0.286,36003.971,112.395,392.046,234.157,0,2.676,0,0,0,0,0,0,0,0,0,0,106766,584.8,41.2,13.085,7.452,35973.781,0,0,11.62,0,0,0,0,76.29,0
AFG,Asia,Afghanistan,9/28/2020,39227,0,26.143,1453,0,1.714,1007.672,0,0.672,37.325,0,0.044,0,0,0,0,0,0,0,0,0,0,38928341,54.422,18.6,2.581,1.337,1803.987,0,597.029,9.59,0,0,37.746,0.5,64.83,0.498
AGO,Africa,Angola,9/28/2020,4672,82,97.286,171,4,2.714,142.152,2.495,2.96,5.203,0.122,0.083,0,0,0,0,0,0,0,0,0,75,32866268,23.89,16.8,2.405,1.362,5819.495,0,276.045,3.94,0,0,26.664,0,61.15,0.581
AIA,North America,Anguilla,9/28/2020,3,0,0,0,0,0,199.973,0,0,0,0,0,0,0,0,0,0,0,0,0,0,0,15002,0,0,0,0,0,0,0,0,0,0,0,0,81.88,0
ALB,Europe,Albania,9/28/2020,13259,106,124.857,377,2,2.143,4607.339,36.834,43.386,131.003,0.695,0.745,0,0,0,0,0,0,0,0,0,0,2877800,104.871,38,13.188,8.643,11803.431,1.1,304.195,10.08,7.1,51.2,0,2.89,78.57,0.785
AND,Europe,Andorra,9/28/2020,1836,0,38.857,53,0,0,23762.376,0,502.907,685.951,0,0,0,0,0,0,0,0,0,0,0,0,77265,163.755,0,0,0,0,0,109.135,7.97,29,37.8,0,0,83.73,0.858
ARE,Asia,United Arab Emirates,9/28/2020,91469,851,936.143,412,1,1.143,9248.261,86.043,94.652,41.657,0.101,0.116,0,0,0,0,0,0,0,0,0,0,9890400,112.442,34,1.144,0.526,67293.483,0,317.84,17.26,1.2,37.4,0,1.2,77.97,0.863
ARG,South America,Argentina,9/28/2020,711312,8841,12627.286,15749,206,405.714,15738.462,195.616,279.391,348.462,4.558,8.977,0,0,0,0,0,0,0,0,0,0,45195777,16.177,31.9,11.198,7.441,18933.907,0.6,191.032,5.5,16.2,27.7,0,5,76.67,0.825
ARM,Asia,Armenia,9/28/2020,49400,328,281.286,951,3,3,16670.975,110.69,94.925,320.933,1.012,1.012,0,0,0,0,0,0,0,0,0,0,2963234,102.931,35.7,11.232,7.571,8787.58,1.8,341.01,7.11,1.5,52.1,94.043,4.2,75.09,0.755
ATG,North America,Antigua and Barbuda,9/28/2020,101,0,0.714,3,0,0,1031.37,0,7.294,30.635,0,0,0,0,0,0,0,0,0,0,0,0,97928,231.845,32.1,6.933,4.631,21490.943,0,191.511,13.17,0,0,0,3.8,77.02,0.78
AUS,Oceania,Australia,9/28/2020,27040,24,20.286,872,2,3.286,1060.397,0.941,0.796,34.196,0.078,0.129,0,0,0,0,0,0,0,0,0,0,25499881,3.202,37.9,15.504,10.129,44648.71,0.5,107.791,5.07,13,16.5,0,3.84,83.44,0.939
AUT,Europe,Austria,9/28/2020,43466,526,701.286,787,0,3,4826.124,58.403,77.865,87.382,0,0.333,0,0,0,0,0,0,0,0,0,37.04,9006400,106.749,44.4,19.202,13.748,45436.686,0.7,145.183,6.35,28.4,30.9,0,7.37,81.54,0.908
AZE,Asia,Azerbaijan,9/28/2020,40023,128,119.286,586,1,1.571,3947.363,12.624,11.765,57.796,0.099,0.155,0,0,0,0,0,0,0,0,0,70.37,10139175,119.309,32.4,6.018,3.871,15847.419,0,559.812,7.11,0.3,42.5,83.241,4.7,73,0.757
BDI,Africa,Burundi,9/28/2020,485,0,1.714,1,0,0,40.788,0,0.144,0.084,0,0,0,0,0,0,0,0,0,0,0,0,11890781,423.062,17.5,2.562,1.504,702.225,71.7,293.068,6.05,0,0,6.144,0.8,61.58,0.417
BEL,Europe,Belgium,9/28/2020,114085,0,1249.143,9980,2,3.714,9843.726,0,107.781,861.116,0.173,0.32,0,0,0,0,0,0,0,0,0,0,11589616,375.564,41.8,18.571,12.849,42658.576,0.2,114.898,4.29,25.1,31.4,0,5.64,81.63,0.916
BEN,Africa,Benin,9/28/2020,2340,15,8.571,40,0,0,193.018,1.237,0.707,3.299,0,0,0,0,0,0,0,0,0,0,0,0,12123198,99.11,18.8,3.244,1.942,2064.236,49.6,235.848,0.99,0.6,12.3,11.035,0.5,61.77,0.515
BES,North America,Bonaire Sint Eustatius and Saba,9/28/2020,85,0,7,1,0,0,3241.677,0,266.962,38.137,0,0,0,0,0,0,0,0,0,0,0,0,26221,0,0,0,0,0,0,0,0,0,0,0,0,77.79,0
BFA,Africa,Burkina Faso,9/28/2020,2008,35,23.143,56,0,0,96.061,1.674,1.107,2.679,0,0,0,0,0,0,0,0,0,0,0,0,20903278,70.151,17.6,2.409,1.358,1703.102,43.7,269.048,2.42,1.6,23.9,11.877,0.4,61.58,0.423
BGD,Asia,Bangladesh,9/28/2020,359148,1275,1461.714,5161,32,31.714,2180.76,7.742,8.876,31.338,0.194,0.193,0,0,0,0,0,0,0,0,0,0,164689383,1265.036,27.5,5.098,3.262,3523.984,14.8,298.003,8.38,1,44.7,34.808,0.8,72.59,0.608
BGR,Europe,Bulgaria,9/28/2020,20055,58,170.286,796,7,5,2886.257,8.347,24.507,114.558,1.007,0.72,0,0,0,0,0,0,0,0,0,0,6948445,65.18,44.7,20.801,13.272,18563.307,1.5,424.688,5.81,30.1,44.4,0,7.454,75.05,0.813
BHR,Asia,Bahrain,9/28/2020,68775,585,610.857,242,6,3,40418.246,343.798,358.993,142.221,3.526,1.763,9118,1407572,827.213,5.359,10614,6.238,17.376,0.058,units unclear,0,1701583,1935.907,32.4,2.372,1.387,43290.705,0,151.689,16.52,5.8,37.6,0,2,77.29,0.846
BHS,North America,Bahamas,9/28/2020,3790,0,60,87,0,1.857,9637.684,0,152.575,221.234,0,4.723,0,0,0,0,0,0,0,0,0,0,393248,39.497,34.3,8.996,5.2,27717.847,0,235.954,13.17,3.1,20.4,0,2.9,73.92,0.807
BIH,Europe,Bosnia and Herzegovina,9/28/2020,26917,122,213.286,810,2,7.571,8204.364,37.186,65.01,246.89,0.61,2.308,0,0,0,0,0,0,0,0,0,0,3280815,68.496,42.5,16.569,10.711,11713.895,0.2,329.635,10.08,30.2,47.7,97.164,3.5,77.4,0.768
BLR,Europe,Belarus,9/28/2020,77609,320,276.429,818,5,5.429,8213.183,33.865,29.254,86.567,0.529,0.574,0,0,0,0,0,0,0,0,0,0,9449321,46.858,40.3,14.799,9.788,17167.967,0,443.129,5.18,10.5,46.1,0,11,74.79,0.808
BLZ,North America,Belize,9/28/2020,1854,29,32.429,24,0,0.429,4662.732,72.934,81.556,60.359,0,1.078,0,0,0,0,0,0,0,0,0,72.22,397621,16.426,25,3.853,2.279,7824.362,0,176.957,17.11,0,0,90.083,1.3,74.62,0.708
BMU,North America,Bermuda,9/28/2020,181,0,0.143,9,0,0,2906.557,0,2.294,144.525,0,0,0,0,0,0,0,0,0,0,0,31.48,62273,1308.82,0,0,0,50669.315,0,139.547,13,0,0,0,0,82.59,0
BOL,South America,Bolivia,9/28/2020,133901,309,460.714,7858,30,34.429,11470.973,26.471,39.468,673.176,2.57,2.949,0,0,0,0,0,0,0,0,0,0,11673029,10.202,25.4,6.704,4.393,6885.829,7.1,204.299,6.89,0,0,25.383,1.1,71.51,0.693
BRA,South America,Brazil,9/28/2020,4732309,14318,26811.429,141741,335,692.286,22263.465,67.36,126.136,666.83,1.576,3.257,0,0,0,0,0,0,0,0,0,0,212559409,25.04,33.5,8.552,5.06,14103.452,3.4,177.961,8.11,10.1,17.9,0,2.2,75.88,0.759
BRB,North America,Barbados,9/28/2020,190,0,0.143,7,0,0,661.166,0,0.497,24.359,0,0,0,0,0,0,0,0,0,0,0,0,287371,664.463,39.8,14.952,9.473,16978.068,0,170.05,13.57,1.9,14.5,88.469,5.8,79.19,0.8
BRN,Asia,Brunei,9/28/2020,146,0,0.143,3,0,0,333.727,0,0.327,6.857,0,0,0,0,0,0,0,0,0,0,0,0,437483,81.347,32.4,4.591,2.382,71809.251,0,201.285,12.79,2,30.9,0,2.7,75.86,0.853
BTN,Asia,Bhutan,9/28/2020,273,2,1.714,0,0,0,353.805,2.592,2.222,0,0,0,0,0,0,0,0,0,0,0,0,0,771612,21.188,28.6,4.885,2.977,8708.597,1.5,217.066,9.75,0,0,79.807,1.7,71.78,0.612
BWA,Africa,Botswana,9/28/2020,2921,0,50.571,16,0,0.429,1242.12,0,21.505,6.804,0,0.182,0,0,0,0,0,0,0,0,0,0,2351625,4.044,25.8,3.941,2.242,15807.374,0,237.372,4.81,5.7,34.4,0,1.8,69.59,0.717
CAF,Africa,Central African Republic,9/28/2020,4806,0,1.857,62,0,0,995.08,0,0.385,12.837,0,0,0,0,0,0,0,0,0,0,0,0,4829764,7.479,18.3,3.655,2.251,661.24,0,435.727,6.1,0,0,16.603,1,53.28,0.367
CAN,North America,Canada,9/28/2020,153125,1454,1353.714,9268,6,7.286,4057.134,38.525,35.867,245.561,0.159,0.193,68251,7117709,188.588,1.808,71318,1.89,52.683,0.019,people tested,0,37742157,4.037,41.4,16.984,10.797,44017.591,0.5,105.599,7.37,12,16.6,0,2.5,82.43,0.926
CHE,Europe,Switzerland,9/28/2020,51864,0,384.714,1778,0,2,5992.639,0,44.452,205.439,0,0.231,0,0,0,0,0,0,0,0,0,0,8654618,214.243,43.1,18.436,12.644,57410.166,0,99.739,5.59,22.6,28.9,0,4.53,83.78,0.944
CHL,South America,Chile,9/28/2020,457901,1922,1661,12641,50,50.714,23953.546,100.543,86.89,661.271,2.616,2.653,0,0,0,0,0,0,0,0,0,0,19116209,24.282,35.4,11.087,6.938,22767.037,1.3,127.993,8.46,34.2,41.5,0,2.11,80.18,0.843
CHN,Asia,China,9/28/2020,90483,27,16.286,4739,0,0.286,62.865,0.019,0.011,3.293,0,0,0,0,0,0,0,0,0,0,0,0,1439323774,147.674,38.7,10.641,5.929,15308.712,0.7,261.899,9.74,1.9,48.4,0,4.34,76.91,0.752
CIV,Africa,Cote d'Ivoire,9/28/2020,19629,29,44.143,120,0,0,744.135,1.099,1.673,4.549,0,0,0,0,0,0,0,0,0,0,0,0,26378275,76.399,18.7,2.933,1.582,3601.006,28.2,303.74,2.42,0,0,19.351,0,57.78,0.492
CMR,Africa,Cameroon,9/28/2020,20735,0,43.429,418,0,0.286,781.101,0,1.636,15.746,0,0.011,0,0,0,0,0,0,0,0,0,0,26545864,50.885,18.8,3.165,1.919,3364.926,23.8,244.661,7.2,0,0,2.735,1.3,59.29,0.556
COD,Africa,Democratic Republic of Congo,9/28/2020,10611,19,13.857,270,0,0,118.477,0.212,0.155,3.015,0,0,0,0,0,0,0,0,0,0,0,0,89561404,35.879,17,3.02,1.745,808.133,77.1,318.949,6.1,0,0,4.472,0,60.68,0.457
COG,Africa,Congo,9/28/2020,5008,0,3.143,89,0,0,907.56,0,0.57,16.129,0,0,0,0,0,0,0,0,0,0,0,0,5518092,15.405,19,3.402,2.063,4881.406,37,344.094,7.2,1.7,52.3,47.964,0,64.57,0.606
COL,South America,Colombia,9/28/2020,813056,7018,6854.286,25488,192,182.857,15978.968,137.925,134.707,500.915,3.773,3.594,0,0,0,0,0,0,0,0,0,0,50882884,44.223,32.2,7.646,4.312,13254.949,4.5,124.24,7.44,4.7,13.5,65.386,1.71,77.29,0.747
COM,Africa,Comoros,9/28/2020,478,0,1.143,7,0,0,549.681,0,1.314,8.05,0,0,0,0,0,0,0,0,0,0,0,0,869595,437.352,20.4,2.963,1.726,1413.89,18.1,261.516,11.88,4.4,23.6,15.574,2.2,64.32,0.503
CPV,Africa,Cape Verde,9/28/2020,5771,70,73.429,57,1,0.857,10379.72,125.902,132.069,102.52,1.799,1.542,0,0,0,0,0,0,0,0,0,0,555988,135.58,25.7,4.46,3.437,6222.554,0,182.219,2.42,2.1,16.5,0,2.1,72.98,0.654
CRI,North America,Costa Rica,9/28/2020,72049,0,1191,828,0,17.429,14143.578,0,233.799,162.541,0,3.421,0,0,0,0,0,0,0,0,0,0,5094114,96.079,33.6,9.468,5.694,15524.995,1.3,137.973,8.78,6.4,17.4,83.841,1.13,80.28,0.794
CUB,North America,Cuba,9/28/2020,5457,45,52.286,122,2,1,481.786,3.973,4.616,10.771,0.177,0.088,0,0,0,0,0,0,0,0,0,0,11326616,110.408,43.1,14.738,9.719,0,0,190.968,8.27,17.1,53.3,85.198,5.2,78.8,0.777
CUW,North America,Curacao,9/28/2020,360,23,13.143,1,0,0,2193.784,140.158,80.091,6.094,0,0,0,0,0,0,0,0,0,0,0,0,164100,362.644,41.7,16.367,10.068,0,0,0,11.62,0,0,0,0,78.88,0
CYM,North America,Cayman Islands,9/28/2020,210,0,0.143,1,0,0,3195.374,0,2.174,15.216,0,0,0,0,0,0,0,0,0,0,0,0,65720,256.496,0,0,0,49903.029,0,0,13.22,0,0,0,0,83.92,0
CYP,Europe,Cyprus,9/28/2020,1696,12,13.714,22,0,0,1936.296,13.7,15.657,25.117,0,0,0,0,0,0,0,0,0,0,0,0,875899,127.657,37.3,13.416,8.563,32415.132,0,141.171,9.24,19.6,52.7,0,3.4,80.98,0.869
CZE,Europe,Czech Republic,9/28/2020,64597,1303,2193.857,606,15,14.714,6032.039,121.674,204.861,56.588,1.401,1.374,0,0,0,0,0,0,0,0,0,0,10708982,137.176,43.3,19.027,11.58,32605.906,0,227.485,6.82,30.5,38.3,0,6.63,79.38,0.888
DEU,Europe,Germany,9/28/2020,285332,1192,1856.429,9460,3,10.571,3405.569,14.227,22.157,112.909,0.036,0.126,0,0,0,0,0,0,0,0,0,0,83783945,237.016,46.6,21.453,15.957,45229.245,0,156.139,8.31,28.2,33.1,0,8,81.33,0.936
DJI,Africa,Djibouti,9/28/2020,5409,0,0.857,61,0,0,5474.685,0,0.868,61.741,0,0,0,0,0,0,0,0,0,0,0,0,988002,41.285,25.4,4.213,2.38,2705.406,22.5,258.037,6.05,1.7,24.5,0,1.4,67.11,0.476
DMA,North America,Dominica,9/28/2020,24,0,0,0,0,0,333.375,0,0,0,0,0,0,0,0,0,0,0,0,0,0,0,71991,98.567,0,0,0,9673.367,0,227.376,11.62,0,0,0,3.8,75,0.715
DNK,Europe,Denmark,9/28/2020,26637,424,684.286,649,1,2,4598.768,73.202,118.139,112.047,0.173,0.345,0,0,0,0,0,0,0,0,0,0,5792203,136.52,42.3,19.677,12.325,46682.515,0.2,114.767,6.41,19.3,18.8,0,2.5,80.9,0.929
DOM,North America,Dominican Republic,9/28/2020,111386,429,442.429,2095,2,6.857,10267.974,39.547,40.785,193.125,0.184,0.632,0,0,0,0,0,0,0,0,0,0,10847904,222.873,27.6,6.981,4.419,14600.861,1.6,266.653,8.2,8.5,19.1,55.182,1.6,74.08,0.736
DZA,Africa,Algeria,9/28/2020,51067,153,177.286,1714,3,6,1164.556,3.489,4.043,39.087,0.068,0.137,0,0,0,0,0,0,0,0,0,0,43851043,17.348,29.1,6.211,3.857,13913.839,0.5,278.364,6.73,0.7,30.4,83.741,1.9,76.88,0.754
ECU,South America,Ecuador,9/28/2020,134747,766,1189.714,11279,6,27,7637.394,43.417,67.432,639.288,0.34,1.53,0,0,0,0,0,0,0,0,0,0,17643060,66.939,28.1,7.104,4.458,10581.936,3.6,140.448,5.55,2,12.3,80.635,1.5,77.01,0.752
EGY,Africa,Egypt,9/28/2020,102840,104,117.857,5883,14,16.143,1004.941,1.016,1.152,57.488,0.137,0.158,0,0,0,0,0,0,0,0,0,0,102334403,97.999,25.3,5.159,2.891,10550.206,1.3,525.432,17.31,0.2,50.1,89.827,1.6,71.99,0.696
ERI,Africa,Eritrea,9/28/2020,375,0,1.571,0,0,0,105.74,0,0.443,0,0,0,0,0,0,0,0,0,0,0,0,0,3546427,44.304,19.3,3.607,2.171,1510.459,0,311.11,6.05,0.2,11.4,0,0.7,66.32,0.44
ESH,Africa,Western Sahara,9/28/2020,766,0,0,1,0,0,1282.373,0,0,1.674,0,0,0,0,0,0,0,0,0,0,0,0,597330,0,28.4,0,1.38,0,0,0,0,0,0,0,0,70.26,0
EST,Europe,Estonia,9/28/2020,3200,35,39.429,64,0,0,2412.292,26.384,29.723,48.246,0,0,0,0,0,0,0,0,0,0,0,0,1326539,31.033,42.7,19.452,13.491,29481.252,0.5,255.569,4.02,24.5,39.3,0,4.69,78.74,0.871
ETH,Africa,Ethiopia,9/28/2020,73332,632,644.571,1170,5,10.571,637.872,5.497,5.607,10.177,0.043,0.092,0,0,0,0,0,0,0,0,0,0,114963583,104.957,19.8,3.526,2.063,1729.927,26.7,182.634,7.47,0.4,8.5,7.96,0.3,66.6,0.463
FIN,Europe,Finland,9/28/2020,9682,105,100.286,343,0,0.571,1747.427,18.951,18.1,61.905,0,0.103,142,975893,176.131,0.026,6960,1.256,69.402,0.014,samples tested,32.41,5540718,18.136,42.8,21.228,13.264,40585.721,0,153.507,5.76,18.3,22.6,0,3.28,81.91,0.92
FJI,Oceania,Fiji,9/28/2020,32,0,0,2,0,0,35.697,0,0,2.231,0,0,0,0,0,0,0,0,0,0,0,0,896444,49.562,28.6,6.224,3.284,8702.975,1.4,412.82,14.49,10.2,34.8,0,2.3,67.44,0.741
FLK,South America,Falkland Islands,9/28/2020,13,0,0,0,0,0,3732.415,0,0,0,0,0,0,0,0,0,0,0,0,0,0,0,3483,0,0,0,0,0,0,0,0,0,0,0,0,81.44,0
FRA,Europe,France,9/28/2020,538569,11123,12115.143,31727,27,63.143,8250.958,170.406,185.606,486.062,0.414,0.967,0,0,0,0,0,0,0,0,0,0,65273512,122.578,42,19.718,13.079,38605.671,0,86.06,4.77,30.1,35.6,0,5.98,82.66,0.901
FRO,Europe,Faeroe Islands,9/28/2020,460,0,3.714,0,0,0,9413.691,0,76.011,0,0,0,0,0,0,0,0,0,0,0,0,0,48865,35.308,0,0,0,0,0,0,0,0,0,0,0,80.67,0
GAB,Africa,Gabon,9/28/2020,8728,0,4.571,54,0,0.143,3921.414,0,2.054,24.262,0,0.064,0,0,0,0,0,0,0,0,0,0,2225728,7.859,23.1,4.45,2.976,16562.413,3.4,259.967,7.2,0,0,0,6.3,66.47,0.702
GBR,Europe,United Kingdom,9/28/2020,434969,5692,5816,41988,17,30.143,6407.344,83.846,85.673,618.507,0.25,0.444,0,0,0,0,0,0,0,0,0,0,67886004,272.898,40.8,18.517,12.527,39753.244,0.2,122.137,4.28,20,24.7,0,2.54,81.32,0.922
GEO,Asia,Georgia,9/28/2020,5552,298,265.286,28,0,1.143,1391.766,74.702,66.501,7.019,0,0.286,0,0,0,0,0,0,0,0,0,0,3989175,65.032,38.7,14.864,10.244,9745.079,4.2,496.218,7.11,5.3,55.5,0,2.6,73.77,0.78
GGY,Europe,Guernsey,9/28/2020,256,0,0.143,13,0,0,3817.932,0,2.131,193.879,0,0,0,0,0,0,0,0,0,0,0,0,67052,0,0,0,0,0,0,0,0,0,0,0,0,0,0
GHA,Africa,Ghana,9/28/2020,46387,165,54.714,299,0,0.286,1492.842,5.31,1.761,9.623,0,0.009,0,0,0,0,0,0,0,0,0,0,31072945,126.719,21.1,3.385,1.948,4227.63,12,298.245,4.97,0.3,7.7,41.047,0.9,64.07,0.592
GIB,Europe,Gibraltar,9/28/2020,379,7,4.143,0,0,0,11249.295,207.771,122.966,0,0,0,0,0,0,0,0,0,0,0,0,0,33691,3457.1,0,0,0,0,0,0,0,0,0,0,0,79.93,0
GIN,Africa,Guinea,9/28/2020,10580,32,36.429,66,0,0.286,805.617,2.437,2.774,5.026,0,0.022,0,0,0,0,0,0,0,0,0,0,13132792,51.755,19,3.135,1.733,1998.926,35.3,336.717,2.42,0,0,17.45,0.3,61.6,0.459
GMB,Africa,Gambia,9/28/2020,3569,14,6.143,111,1,0.429,1476.829,5.793,2.542,45.931,0.414,0.177,0,0,0,0,0,0,0,0,0,75.93,2416664,207.566,17.5,2.339,1.417,1561.767,10.1,331.43,1.91,0.7,31.2,7.876,1.1,62.05,0.46
GNB,Africa,Guinea-Bissau,9/28/2020,2324,0,3,39,0,0,1180.896,0,1.524,19.817,0,0,0,0,0,0,0,0,0,0,0,0,1967998,66.191,19.4,3.002,1.565,1548.675,67.1,382.474,2.42,0,0,6.403,0,58.32,0.455
GNQ,Africa,Equatorial Guinea,9/28/2020,5028,0,3.714,83,0,0,3583.787,0,2.647,59.16,0,0,0,0,0,0,0,0,0,0,0,0,1402985,45.194,22.4,2.846,1.752,22604.873,0,202.812,7.78,0,0,24.64,2.1,58.74,0.591
GRC,Europe,Greece,9/28/2020,17444,216,328.857,379,3,5.857,1673.597,20.723,31.551,36.362,0.288,0.562,0,0,0,0,0,0,0,0,0,0,10423056,83.479,45.3,20.396,14.524,24574.382,1.5,175.695,4.55,35.3,52,0,4.21,82.24,0.87
GRD,North America,Grenada,9/28/2020,24,0,0,0,0,0,213.297,0,0,0,0,0,0,0,0,0,0,0,0,0,0,0,112519,317.132,29.4,7.304,5.021,13593.877,0,243.964,10.71,0,0,0,3.7,72.4,0.772
GRL,North America,Greenland,9/28/2020,14,0,0,0,0,0,246.6,0,0,0,0,0,0,0,0,0,0,0,0,0,0,0,56772,0.137,0,0,0,0,0,199.941,2.16,0,0,0,0,71.7,0
GTM,North America,Guatemala,9/28/2020,90092,390,664,3229,16,15.714,5028.699,21.769,37.063,180.234,0.893,0.877,0,0,0,0,0,0,0,0,0,0,17915567,157.834,22.9,4.694,3.016,7423.808,8.7,155.898,10.18,0,0,76.665,0.6,74.3,0.65
GUM,Oceania,Guam,9/28/2020,2354,0,33.857,42,0,1.143,13946.902,0,200.596,248.84,0,6.771,0,0,0,0,0,0,0,0,0,0,168783,304.128,31.4,9.551,5.493,0,0,310.496,21.52,0,0,0,0,80.07,0
GUY,South America,Guyana,9/28/2020,2772,47,71.857,76,2,1.714,3524.211,59.754,91.356,96.623,2.543,2.179,0,0,0,0,0,0,0,0,0,0,786559,3.952,26.3,5.305,2.837,7435.047,0,373.159,11.62,0,0,77.159,1.6,69.91,0.654
HND,North America,Honduras,9/28/2020,75109,561,499,2289,1,15,7583.238,56.64,50.381,231.105,0.101,1.514,0,0,0,0,0,0,0,0,0,0,9904608,82.805,24.9,4.652,2.883,4541.795,16,240.208,7.21,2,0,84.169,0.7,75.27,0.617
HRV,Europe,Croatia,9/28/2020,16197,190,182.143,272,3,3.429,3945.418,46.282,44.368,66.256,0.731,0.835,3029,295998,72.102,0.738,4838,1.178,26.562,0.038,people tested,32.41,4105268,73.726,44,19.724,13.053,22669.797,0.7,253.782,5.59,34.3,39.9,0,5.54,78.49,0.831
HTI,North America,Haiti,9/28/2020,8723,0,14.857,227,0,0.857,765.005,0,1.303,19.908,0,0.075,0,0,0,0,0,0,0,0,0,0,11402533,398.448,24.3,4.8,2.954,1653.173,23.5,430.548,6.65,2.9,23.1,22.863,0.7,64,0.498
HUN,Europe,Hungary,9/28/2020,24716,702,835.714,749,13,9,2558.499,72.668,86.51,77.533,1.346,0.932,7065,697473,72.2,0.731,10207,1.057,12.214,0.082,tests performed,0,9660350,108.043,43.4,18.577,11.976,26777.561,0.5,278.296,7.55,26.8,34.8,0,7.02,76.88,0.838
IDN,Asia,Indonesia,9/28/2020,285599,14260,5846.143,10386,78,119,1044.147,52.134,21.373,37.971,0.285,0.435,27637,1934863,7.074,0.101,30955,0.113,5.295,0.189,people tested,0,273523621,145.725,29.3,5.319,3.053,11188.744,5.7,342.864,6.32,2.8,76.1,64.204,1.04,71.72,0.694
IMN,Europe,Isle of Man,9/28/2020,340,0,0.143,24,0,0,3998.495,0,1.68,282.247,0,0,0,0,0,0,0,0,0,0,0,0,85032,147.872,0,0,0,0,0,0,0,0,0,0,0,81.4,0
IND,Asia,India,9/28/2020,6074702,82170,83874.571,95542,1039,1094.286,4401.944,59.543,60.778,69.233,0.753,0.793,0,0,0,0,0,0,0,0,0,0,1380004385,450.419,28.2,5.989,3.414,6426.674,21.2,282.28,10.39,1.9,20.6,59.55,0.53,69.66,0.64
IRL,Europe,Ireland,9/28/2020,34990,430,293.857,1802,0,1.429,7086.157,87.083,59.512,364.94,0,0.289,0,0,0,0,0,0,0,0,0,0,4937796,69.874,38.7,13.928,8.678,67335.293,0.2,126.459,3.28,23,25.7,0,2.96,82.3,0.938
IRN,Asia,Iran,9/28/2020,446448,3362,3472.571,25589,195,184,5315.303,40.027,41.344,304.657,2.322,2.191,0,3932571,46.82,0,22753,0.271,6.552,0.153,tests performed,0,83992953,49.831,32.4,5.44,3.182,19082.62,0.2,270.308,9.59,0.8,21.1,0,1.5,76.68,0.798
IRQ,Asia,Iraq,9/28/2020,349450,3481,4345,8990,55,62.143,8687.923,86.544,108.024,223.507,1.367,1.545,0,0,0,0,0,0,0,0,0,0,40222503,88.125,20,3.186,1.957,15663.986,2.5,218.612,8.83,0,0,94.576,1.4,70.6,0.685
ISL,Europe,Iceland,9/28/2020,2623,22,39.571,10,0,0,7686.447,64.469,115.96,29.304,0,0,0,0,0,0,0,0,0,0,0,0,341250,3.404,37.3,14.431,9.207,46482.958,0.2,117.992,5.31,14.3,15.2,0,2.91,82.99,0.935
ISR,Asia,Israel,9/28/2020,231026,3926,6085.571,1466,25,30,26691.11,453.582,703.084,169.371,2.888,3.466,0,0,0,0,0,0,0,0,0,0,8655541,402.606,30.6,11.733,7.359,33132.32,0.5,93.32,6.74,15.4,35.4,0,2.99,82.97,0.903
ITA,Europe,Italy,9/28/2020,309870,1766,1673.429,35835,17,18.286,5125.052,29.209,27.677,592.688,0.281,0.302,0,0,0,0,0,0,0,0,0,0,60461828,205.859,47.9,23.021,16.24,35220.084,2,113.151,4.78,19.8,27.8,0,3.18,83.51,0.88
JAM,North America,Jamaica,9/28/2020,5993,164,143.571,89,1,3.143,2023.868,55.384,48.485,30.056,0.338,1.061,0,0,0,0,0,0,0,0,0,0,2961161,266.879,31.4,9.684,6.39,8193.571,0,206.537,11.28,5.3,28.6,66.425,1.7,74.47,0.732
JEY,Europe,Jersey,9/28/2020,400,0,1,32,0,0,3957.536,0,9.894,316.603,0,0,0,0,0,0,0,0,0,0,0,0,101073,0,0,0,0,0,0,0,0,0,0,0,0,0,0
JOR,Asia,Jordan,9/28/2020,8492,431,530.429,45,2,2.143,832.293,42.242,51.987,4.41,0.196,0.21,0,0,0,0,0,0,0,0,0,0,10203140,109.285,23.2,3.81,2.361,8337.49,0.1,208.257,11.75,0,0,0,1.4,74.53,0.735
JPN,Asia,Japan,9/28/2020,82131,441,496.286,1548,3,6.857,649.378,3.487,3.924,12.239,0.024,0.054,0,0,0,0,0,0,0,0,0,0,126476458,347.778,48.2,27.049,18.493,39002.223,0,79.37,5.72,11.2,33.7,0,13.05,84.63,0.909
KAZ,Asia,Kazakhstan,9/28/2020,140265,90,258.571,2049,1,4.857,7470.16,4.793,13.771,109.125,0.053,0.259,0,0,0,0,0,0,0,0,0,0,18776707,6.681,30.6,6.991,4.625,24055.588,0.1,466.792,7.11,7,43.1,98.999,6.7,73.6,0.8
KEN,Africa,Kenya,9/28/2020,38115,244,162,691,2,6.143,708.835,4.538,3.013,12.851,0.037,0.114,0,0,0,0,0,0,0,0,0,0,53771300,87.324,20,2.686,1.528,2993.028,36.8,218.637,2.92,1.2,20.4,24.651,1.4,66.7,0.59
KGZ,Asia,Kyrgyzstan,9/28/2020,46355,104,126.286,1064,1,0.143,7105.095,15.941,19.357,163.085,0.153,0.022,0,0,0,0,0,0,0,0,0,0,6524191,32.333,26.3,4.489,2.882,3393.474,1.4,436.362,7.11,3.6,50.5,89.22,4.5,71.45,0.672
KHM,Asia,Cambodia,9/28/2020,276,0,0.143,0,0,0,16.508,0,0.009,0,0,0,0,0,0,0,0,0,0,0,0,0,16718971,90.672,25.6,4.412,2.385,3645.07,0,270.892,4,2,33.7,66.229,0.8,69.82,0.582
KNA,North America,Saint Kitts and Nevis,9/28/2020,19,0,0.286,0,0,0,357.197,0,5.371,0,0,0,0,0,0,0,0,0,0,0,0,0,53192,212.865,0,0,0,24654.385,0,0,12.84,0,0,0,2.3,76.23,0.778
KOR,Asia,South Korea,9/28/2020,23661,50,88,406,5,3,461.505,0.975,1.716,7.919,0.098,0.059,5077,2282716,44.524,0.099,10523,0.205,119.58,0.008,people tested,0,51269183,527.967,43.4,13.914,8.622,35938.374,0.2,85.998,6.8,6.2,40.9,0,12.27,83.03,0.903
KWT,Asia,Kuwait,9/28/2020,103544,345,587.143,601,4,2.429,24245.983,80.786,137.486,140.731,0.937,0.569,0,0,0,0,0,0,0,0,0,0,4270563,232.128,33.7,2.345,1.114,65530.537,0,132.235,15.84,2.7,37,0,2,75.49,0.803
LAO,Asia,Laos,9/28/2020,23,0,0,0,0,0,3.161,0,0,0,0,0,0,0,0,0,0,0,0,0,0,0,7275556,29.715,24.4,4.029,2.322,6397.36,22.7,368.111,4,7.3,51.2,49.839,1.5,67.92,0.601
LBN,Asia,Lebanon,9/28/2020,36254,1012,993,347,7,7.143,5311.597,148.269,145.485,50.839,1.026,1.047,0,0,0,0,0,0,0,0,0,0,6825442,594.561,31.1,8.514,5.43,13367.565,0,266.591,12.71,26.9,40.7,0,2.9,78.93,0.757
LBR,Africa,Liberia,9/28/2020,1339,1,0.571,82,0,0,264.746,0.198,0.113,16.213,0,0,0,0,0,0,0,0,0,0,0,0,5057677,49.127,19.2,3.057,1.756,752.788,38.6,272.509,2.42,1.5,18.1,1.188,0.8,64.1,0.435
LBY,Africa,Libya,9/28/2020,32364,536,630.714,520,21,11.714,4710.035,78.006,91.79,75.677,3.056,1.705,0,0,0,0,0,0,0,0,0,0,6871287,3.623,29,4.424,2.816,17881.509,0,341.862,10.43,0,0,0,3.7,72.91,0.706
LCA,North America,Saint Lucia,9/28/2020,27,0,0,0,0,0,147.036,0,0,0,0,0,0,0,0,0,0,0,0,0,0,0,183629,293.187,34.9,9.721,6.405,12951.839,0,204.62,11.62,0,0,87.202,1.3,76.2,0.747
LIE,Europe,Liechtenstein,9/28/2020,117,0,0.714,1,0,0,3067.887,0,18.729,26.221,0,0,0,0,0,0,0,0,0,0,0,0,38137,237.012,0,0,0,0,0,0,7.77,0,0,0,2.397,82.49,0.916
LKA,Asia,Sri Lanka,9/28/2020,3360,11,10.429,13,0,0,156.912,0.514,0.487,0.607,0,0,0,0,0,0,0,0,0,0,0,0,21413250,341.955,34.1,10.069,5.331,11669.077,0.7,197.093,10.68,0.3,27,0,3.6,76.98,0.77
LSO,Africa,Lesotho,9/28/2020,1558,0,19.143,35,0,0.286,727.272,0,8.936,16.338,0,0.133,0,0,0,0,0,0,0,0,0,0,2142252,73.562,22.2,4.506,2.647,2851.153,59.6,405.126,3.94,0.4,53.9,2.117,0,54.33,0.52
LTU,Europe,Lithuania,9/28/2020,4385,90,91.571,91,2,0.571,1610.776,33.06,33.638,33.428,0.735,0.21,0,0,0,0,0,0,0,0,0,0,2722291,45.135,43.5,19.002,13.778,29524.265,0.7,342.989,3.67,21.3,38,0,6.56,75.93,0.858
LUX,Europe,Luxembourg,9/28/2020,8357,46,79,124,0,0,13350.352,73.485,126.203,198.091,0,0,0,0,0,0,0,0,0,0,0,0,625976,231.447,39.7,14.312,9.842,94277.965,0.2,128.275,4.42,20.9,26,0,4.51,82.25,0.904
LVA,Europe,Latvia,9/28/2020,1676,22,21.571,36,0,0,888.558,11.664,11.436,19.086,0,0,1398,312230,165.534,0.741,2262,1.199,104.861,0.01,tests performed,0,1886202,31.212,43.9,19.754,14.136,25063.846,0.7,350.06,4.91,25.6,51,0,5.57,75.29,0.847
MAR,Africa,Morocco,9/28/2020,117685,2444,2277.429,2069,28,34.143,3188.383,66.214,61.701,56.054,0.759,0.925,0,0,0,0,0,0,0,0,0,0,36910558,80.08,29.6,6.769,4.209,7485.013,1,419.146,7.14,0.8,47.1,0,1.1,76.68,0.667
MCO,Europe,Monaco,9/28/2020,210,0,2.429,1,0,0,5351.136,0,61.884,25.482,0,0,0,0,0,0,0,0,0,0,0,0,39244,19347.5,0,0,0,0,0,0,5.46,0,0,0,13.8,86.75,0
MDA,Europe,Moldova,9/28/2020,50875,341,611.286,1287,8,12,12611.667,84.532,151.535,319.041,1.983,2.975,0,0,0,0,0,0,0,0,0,0,4033963,123.655,37.6,10.864,6.955,5189.972,0.2,408.502,5.72,5.9,44.6,86.979,5.8,71.9,0.7
MDG,Africa,Madagascar,9/28/2020,16285,28,33.143,229,0,0.857,588.097,1.011,1.197,8.27,0,0.031,0,0,0,0,0,0,0,0,0,0,27691019,43.951,19.6,2.929,1.686,1416.44,77.6,405.994,3.94,0,0,50.54,0.2,67.04,0.519
MDV,Asia,Maldives,9/28/2020,10098,53,53.429,34,0,0.143,18681.25,98.05,98.843,62.9,0,0.264,0,0,0,0,0,0,0,0,0,0,540542,1454.433,30.6,4.12,2.875,15183.616,0,164.905,9.19,2.1,55,95.803,0,78.92,0.717
MEX,North America,Mexico,9/28/2020,730317,3886,4664.857,76430,187,419.571,5664.325,30.14,36.181,592.79,1.45,3.254,0,0,0,0,0,0,0,0,0,0,128932753,66.444,29.3,6.857,4.321,17336.469,2.5,152.783,13.06,6.9,21.4,87.847,1.38,75.05,0.774
MKD,Europe,Macedonia,9/28/2020,17629,146,127.714,725,3,4.571,8461.73,70.078,61.301,347.992,1.44,2.194,0,0,0,0,0,0,0,0,0,0,2083380,82.6,39.1,13.26,8.16,13111.214,5,322.688,10.08,0,0,0,4.28,75.8,0.757
MLI,Africa,Mali,9/28/2020,3086,6,10.429,130,0,0.286,152.389,0.296,0.515,6.419,0,0.014,0,0,0,0,0,0,0,0,0,0,20250834,15.196,16.4,2.519,1.486,2014.306,0,268.024,2.42,1.6,23,52.232,0.1,59.31,0.427
MLT,Europe,Malta,9/28/2020,2929,0,28.286,29,0,1.286,6633.616,0,64.062,65.679,0,2.912,0,0,0,0,0,0,0,0,0,0,441539,1454.037,42.4,19.426,11.324,36513.323,0.2,168.711,8.83,20.9,30.2,0,4.485,82.53,0.878
MMR,Asia,Myanmar,9/28/2020,10734,743,704.143,226,28,18.857,197.281,13.656,12.941,4.154,0.515,0.347,0,0,0,0,0,0,0,0,0,0,54409794,81.721,29.1,5.732,3.12,5591.597,6.4,202.104,4.61,6.3,35.2,79.287,0.9,67.13,0.578
MNE,Europe,Montenegro,9/28/2020,10313,116,243,158,0,3.143,16420.353,184.695,386.904,251.568,0,5.004,0,0,0,0,0,0,0,0,0,0,628062,46.28,39.1,14.762,9.395,16409.288,1,387.305,10.08,44,47.9,0,3.861,76.88,0.814
MNG,Asia,Mongolia,9/28/2020,313,0,0.143,0,0,0,95.477,0,0.044,0,0,0,0,0,0,0,0,0,0,0,0,0,3278292,1.98,28.6,4.031,2.421,11840.846,0.5,460.043,4.82,5.5,46.5,71.18,7,69.87,0.741
MNP,Oceania,Northern Mariana Islands,9/28/2020,70,1,0.143,2,0,0,1216.186,17.374,2.482,34.748,0,0,0,0,0,0,0,0,0,0,0,0,57557,119.878,0,0,0,0,0,194.994,0,0,0,0,0,76.74,0
MOZ,Africa,Mozambique,9/28/2020,7983,226,173.143,58,4,2.143,255.412,7.231,5.54,1.856,0.128,0.069,0,0,0,0,0,0,0,0,0,0,31255435,37.728,17.7,3.158,1.87,1136.103,62.9,329.942,3.3,5.1,29.1,12.227,0.7,60.85,0.437
MRT,Africa,Mauritania,9/28/2020,7462,5,13.429,161,0,0,1604.849,1.075,2.888,34.626,0,0,0,0,0,0,0,0,0,0,0,0,4649660,4.289,20.3,3.138,1.792,3597.633,6,232.347,2.42,0,0,15.95,0,64.92,0.52
MSR,North America,Montserrat,9/28/2020,13,0,0,1,0,0,2600.52,0,0,200.04,0,0,0,0,0,0,0,0,0,0,0,0,4999,0,0,0,0,0,0,0,0,0,0,0,0,74.16,0
MUS,Africa,Mauritius,9/28/2020,367,0,0,10,0,0,288.575,0,0,7.863,0,0,0,0,0,0,0,0,0,0,0,0,1271767,622.962,37.4,10.945,5.884,20292.745,0.5,224.644,22.02,3.2,40.7,0,3.4,74.99,0.79
MWI,Africa,Malawi,9/28/2020,5768,5,5.286,179,0,0,301.517,0.261,0.276,9.357,0,0,0,0,0,0,0,0,0,0,0,54.63,19129955,197.519,18.1,2.979,1.783,1095.042,71.4,227.349,3.94,4.4,24.7,8.704,1.3,64.26,0.477
MYS,Asia,Malaysia,9/28/2020,10919,150,100,134,1,0.571,337.36,4.634,3.09,4.14,0.031,0.018,0,0,0,0,0,0,0,0,0,0,32365998,96.254,29.9,6.293,3.407,26808.164,0.1,260.942,16.74,1,42.4,0,1.9,76.16,0.802
NAM,Africa,Namibia,9/28/2020,11033,115,93.714,120,0,1.143,4342.135,45.259,36.882,47.227,0,0.45,0,0,0,0,0,0,0,0,0,0,2540916,3.078,22,3.552,2.085,9541.808,13.4,243.811,3.94,9.7,34.2,44.6,0,63.71,0.647
NCL,Oceania,New Caledonia,9/28/2020,27,0,0.143,0,0,0,94.574,0,0.5,0,0,0,0,0,0,0,0,0,0,0,0,0,285491,15.342,33.4,9.954,6.489,0,0,0,23.36,0,0,0,0,77.55,0
NER,Africa,Niger,9/28/2020,1196,2,1.143,69,0,0,49.408,0.083,0.047,2.85,0,0,0,0,0,0,0,0,0,0,0,0,24206636,16.955,15.1,2.553,1.378,926,44.5,238.339,2.42,0.1,15.4,8.978,0.3,62.42,0.354
NGA,Africa,Nigeria,9/28/2020,58324,126,154.571,1108,2,1.429,282.934,0.611,0.75,5.375,0.01,0.007,0,0,0,0,0,0,0,0,0,0,206139587,209.588,18.1,2.751,1.447,5338.454,0,181.013,2.42,0.6,10.8,41.949,0,54.69,0.532
NIC,North America,Nicaragua,9/28/2020,5086,0,17.857,149,0,0.286,767.75,0,2.696,22.492,0,0.043,0,0,0,0,0,0,0,0,0,0,6624554,51.667,27.3,5.445,3.519,5321.444,3.2,137.016,11.47,0,0,0,0.9,74.48,0.658
NLD,Europe,Netherlands,9/28/2020,111510,2989,2546.571,6365,8,13.571,6507.781,174.44,148.619,371.465,0.467,0.792,0,0,0,0,0,0,0,0,0,0,17134873,508.544,43.2,18.779,11.881,48472.545,0,109.361,5.29,24.4,27.3,0,3.32,82.28,0.931
NOR,Europe,Norway,9/28/2020,13406,0,108.714,270,0,0.429,2472.865,0,20.053,49.804,0,0.079,0,0,0,0,0,0,0,0,0,0,5421242,14.462,39.7,16.821,10.813,64800.057,0.2,114.316,5.31,19.6,20.7,0,3.6,82.4,0.953
NPL,Asia,Nepal,9/28/2020,73394,1573,1324.571,477,10,9.429,2518.944,53.987,45.46,16.371,0.343,0.324,0,0,0,0,0,0,0,0,0,0,29136808,204.43,25,5.809,3.212,2442.804,15,260.797,7.26,9.5,37.8,47.782,0.3,70.78,0.574
NZL,Oceania,New Zealand,9/28/2020,1477,0,1.857,25,0,0,306.29,0,0.385,5.184,0,0,0,0,0,0,0,0,0,0,0,0,4822233,18.206,37.9,15.322,9.72,36085.843,0,128.797,8.08,14.8,17.2,0,2.61,82.29,0.917
OMN,Asia,Oman,9/28/2020,97450,1543,567.857,909,24,9,19083.065,302.157,111.2,178.004,4.7,1.762,0,0,0,0,0,0,0,0,0,0,5106622,14.98,30.7,2.355,1.53,37960.709,0,266.342,12.61,0.5,15.6,97.4,1.6,77.86,0.821
PAK,Asia,Pakistan,9/28/2020,310841,566,648.143,6466,9,6.571,1407.206,2.562,2.934,29.272,0.041,0.03,28887,3449541,15.616,0.131,36461,0.165,56.255,0.018,tests performed,41.2,220892331,255.573,23.5,4.495,2.78,5034.708,4,423.031,8.35,2.8,36.7,59.607,0.6,67.27,0.562
PAN,North America,Panama,9/28/2020,110555,447,621.714,2340,17,11.857,25622.467,103.598,144.09,542.323,3.94,2.748,0,0,0,0,0,0,0,0,0,0,4314768,55.133,29.7,7.918,5.03,22267.037,2.2,128.346,8.33,2.4,9.9,0,2.3,78.51,0.789
PER,South America,Peru,9/28/2020,805302,5160,5201,32262,120,127.571,24423.928,156.497,157.741,978.471,3.639,3.869,0,0,0,0,0,0,0,0,0,85.19,32971846,25.129,29.1,7.151,4.455,12236.706,3.5,85.755,5.95,4.8,0,0,1.6,76.74,0.75
PHL,Asia,Philippines,9/28/2020,304226,2970,2497.571,5344,60,51.429,2776.264,27.103,22.792,48.768,0.548,0.469,0,0,0,0,0,0,0,0,0,0,109581085,351.873,25.2,4.803,2.661,7599.188,0,370.437,7.07,7.8,40.8,78.463,1,71.23,0.699
PNG,Oceania,Papua New Guinea,9/28/2020,532,0,2.143,7,0,0,59.461,0,0.24,0.782,0,0,0,0,0,0,0,0,0,0,0,0,8947027,18.22,22.6,3.808,2.142,3823.194,0,561.494,17.65,23.5,48.8,0,0,64.5,0.544
POL,Europe,Poland,9/28/2020,87330,1350,1155.714,2432,8,19.857,2307.472,35.67,30.537,64.259,0.211,0.525,0,0,0,0,0,0,0,0,0,0,37846605,124.027,41.8,16.763,10.202,27216.445,0,227.331,5.91,23.3,33.1,0,6.62,78.73,0.865
PRI,North America,Puerto Rico,9/28/2020,46304,891,638,644,2,5.143,16185.456,311.447,223.011,225.109,0.699,1.798,0,0,0,0,0,0,0,0,0,0,2860840,376.232,38.2,15.168,9.829,35044.67,0,108.094,12.9,0,0,0,0,80.1,0
PRT,Europe,Portugal,9/28/2020,73604,665,718.143,1953,9,5.857,7218.409,65.217,70.429,191.532,0.883,0.574,0,0,0,0,0,0,0,0,0,0,10196707,112.371,46.2,21.502,14.924,27936.896,0.5,127.842,9.85,16.3,30,0,3.39,82.05,0.847
PRY,South America,Paraguay,9/28/2020,38684,762,737.714,803,21,20.571,5423.601,106.834,103.43,112.583,2.944,2.884,0,0,0,0,0,0,0,0,0,0,7132530,17.144,26.5,6.378,3.833,8827.01,1.7,199.128,8.27,5,21.6,79.602,1.3,74.25,0.702
PSE,Asia,Palestine,9/28/2020,49193,621,535.286,343,9,6.143,9643.009,121.731,104.929,67.236,1.764,1.204,0,0,0,0,0,0,0,0,0,0,5101416,778.202,20.4,3.043,1.726,4449.898,1,265.91,10.59,0,0,0,0,74.05,0.686
PYF,Oceania,French Polynesia,9/28/2020,1332,0,2,5,0,0.429,4741.834,0,7.12,17.8,0,1.526,0,0,0,0,0,0,0,0,0,0,280904,77.324,32.7,7.775,4.593,0,0,0,22.63,0,0,0,0,77.66,0
QAT,Asia,Qatar,9/28/2020,125084,234,244,214,0,0.571,43415.965,81.22,84.691,74.278,0,0.198,0,0,0,0,0,0,0,0,0,0,2881060,227.322,31.9,1.307,0.617,116935.6,0,176.69,16.52,0.8,26.9,0,1.2,80.23,0.856
ROU,Europe,Romania,9/28/2020,122673,1438,1413.143,4718,31,40.429,6376.704,74.749,73.457,245.248,1.611,2.102,0,0,0,0,0,0,0,0,0,0,19237682,85.129,43,17.85,11.69,23313.199,5.7,370.946,9.74,22.9,37.1,0,6.892,76.05,0.811
RUS,Europe,Russia,9/28/2020,1151438,7867,6862.714,20324,99,129.429,7890.104,53.908,47.026,139.268,0.678,0.887,0,0,0,0,0,0,0,0,0,0,145934460,8.823,39.6,14.178,9.393,24765.954,0.1,431.297,6.18,23.4,58.3,0,8.05,72.58,0.816
RWA,Africa,Rwanda,9/28/2020,4820,9,15.571,29,0,0.429,372.137,0.695,1.202,2.239,0,0.033,0,0,0,0,0,0,0,0,0,0,12952209,494.869,20.3,2.974,1.642,1854.211,56,191.375,4.28,4.7,21,4.617,0,69.02,0.524
SAU,Asia,Saudi Arabia,9/28/2020,333193,403,491.286,4683,28,28.286,9570.698,11.576,14.112,134.515,0.804,0.812,0,0,0,0,0,0,0,0,0,0,34813867,15.322,31.9,3.295,1.845,49045.411,0,259.538,17.72,1.8,25.4,0,2.7,75.13,0.853
SDN,Africa,Sudan,9/28/2020,13606,0,7.286,836,0,0,310.29,0,0.166,19.065,0,0,0,0,0,0,0,0,0,0,0,0,43849269,23.258,19.7,3.548,2.034,4466.507,0,431.388,15.67,0,0,23.437,0.8,65.31,0.502
SEN,Africa,Senegal,9/28/2020,14909,40,27.857,308,2,0.857,890.412,2.389,1.664,18.395,0.119,0.051,0,0,0,0,0,0,0,0,0,0,16743930,82.328,18.7,3.008,1.796,2470.58,38,241.219,2.42,0.4,16.6,20.859,0,67.94,0.505
SGP,Asia,Singapore,9/28/2020,57700,15,17.714,27,0,0,9862.67,2.564,3.028,4.615,0,0,0,0,0,0,0,0,0,0,0,0,5850343,7915.731,42.4,12.922,7.049,85535.383,0,92.243,10.99,5.2,28.3,0,2.4,83.62,0.932
SLE,Africa,Sierra Leone,9/28/2020,2215,7,6.714,72,0,0,277.674,0.878,0.842,9.026,0,0,0,0,0,0,0,0,0,0,0,0,7976985,104.7,19.1,2.538,1.285,1390.3,52.2,325.721,2.42,8.8,41.3,19.275,0,54.7,0.419
SLV,North America,El Salvador,9/28/2020,28630,215,153.857,826,0,2,4413.986,33.147,23.721,127.347,0,0.308,0,0,0,0,0,0,0,0,0,0,6486201,307.811,27.6,8.273,5.417,7292.458,2.2,167.295,8.87,2.5,18.8,90.65,1.3,73.32,0.674
SMR,Europe,San Marino,9/28/2020,746,0,3.286,42,0,0,21981.26,0,96.815,1237.551,0,0,0,0,0,0,0,0,0,0,0,0,33938,556.667,0,0,0,56861.47,0,0,5.64,0,0,0,3.8,84.97,0
SOM,Africa,Somalia,9/28/2020,3588,0,20.857,99,0,0.143,225.757,0,1.312,6.229,0,0.009,0,0,0,0,0,0,0,0,0,0,15893219,23.5,16.8,2.731,1.496,0,0,365.769,6.05,0,0,9.831,0.9,57.4,0
SRB,Europe,Serbia,9/28/2020,33384,72,68,747,1,0.857,4906.096,10.581,9.993,109.779,0.147,0.126,0,0,0,0,0,0,0,0,0,0,6804596,80.291,41.2,17.366,0,14048.881,0,439.415,10.08,37.7,40.2,97.719,5.609,76,0.787
SSD,Africa,South Sudan,9/28/2020,2686,10,6.286,49,0,0,239.956,0.893,0.562,4.377,0,0,0,0,0,0,0,0,0,0,0,0,11193729,0,19.2,3.441,2.032,1569.888,0,280.775,10.43,0,0,0,0,57.85,0.388
STP,Africa,Sao Tome and Principe,9/28/2020,911,0,0.429,15,0,0,4156.761,0,1.956,68.443,0,0,0,0,0,0,0,0,0,0,0,0,219161,212.841,18.7,2.886,2.162,3052.714,32.3,270.113,2.42,0,0,41.34,2.9,70.39,0.589
SUR,South America,Suriname,9/28/2020,4835,4,16,102,0,0.714,8241.936,6.819,27.274,173.873,0,1.218,0,0,0,0,0,0,0,0,0,0,586634,3.612,29.6,6.933,4.229,13767.119,0,258.314,12.54,7.4,42.9,67.779,3.1,71.68,0.72
SVK,Europe,Slovakia,9/28/2020,9078,478,343,44,0,0.714,1662.746,87.552,62.825,8.059,0,0.131,0,0,0,0,0,0,0,0,0,0,5459643,113.128,41.2,15.07,9.167,30155.152,0.7,287.959,7.29,23.1,37.7,0,5.82,77.54,0.855
SVN,Europe,Slovenia,9/28/2020,5350,159,132.857,136,0,0.429,2573.437,76.482,63.906,65.418,0,0.206,0,0,0,0,0,0,0,0,0,0,2078932,102.619,44.5,19.062,12.93,31400.84,0,153.493,7.25,20.1,25,0,4.5,81.32,0.896
SWZ,Africa,Swaziland,9/28/2020,5431,12,23.143,108,0,0.571,4681.235,10.343,19.948,93.09,0,0.493,0,0,0,0,0,0,0,0,0,0,1160164,79.492,21.5,3.163,1.845,7738.975,0,333.436,3.94,1.7,16.5,24.097,2.1,60.19,0.588
SXM,North America,Sint Maarten (Dutch part),9/28/2020,644,11,8.571,22,0,0.286,15017.956,256.518,199.884,513.036,0,6.663,0,0,0,0,0,0,0,0,0,0,42882,1209.088,0,0,0,36327.232,0,0,0,0,0,0,0,78.95,0
SYC,Africa,Seychelles,9/28/2020,143,0,0.286,0,0,0,1454.139,0,2.905,0,0,0,0,0,0,0,0,0,0,0,0,0,98340,208.354,36.2,8.606,5.586,26382.287,1.1,242.648,10.55,7.1,35.7,0,3.6,73.4,0.797
SYR,Asia,Syria,9/28/2020,4072,34,38.857,192,4,2.857,232.677,1.943,2.22,10.971,0.229,0.163,0,0,0,0,0,0,0,0,0,0,17500657,0,21.7,0,2.577,0,0,376.264,0,0,0,70.598,1.5,72.7,0.536
TCA,North America,Turks and Caicos Islands,9/28/2020,682,1,2,5,0,0,17614.546,25.828,51.656,129.139,0,0,0,0,0,0,0,0,0,0,0,0,38718,37.312,0,0,0,0,0,0,0,0,0,0,0,80.22,0
TCD,Africa,Chad,9/28/2020,1178,1,3.857,84,1,0.429,71.716,0.061,0.235,5.114,0.061,0.026,0,0,0,0,0,0,0,0,0,73.15,16425859,11.833,16.7,2.486,1.446,1768.153,38.4,280.995,6.1,0,0,5.818,0,54.24,0.404
TGO,Africa,Togo,9/28/2020,1743,7,11,46,0,0.714,210.539,0.846,1.329,5.556,0,0.086,0,0,0,0,0,0,0,0,0,0,8278737,143.366,19.4,2.839,1.525,1429.813,49.2,280.033,6.15,0.9,14.2,10.475,0.7,61.04,0.503
THA,Asia,Thailand,9/28/2020,3545,22,5.571,59,0,0,50.788,0.315,0.08,0.845,0,0,0,0,0,0,0,0,0,0,0,0,69799978,135.132,40.1,11.373,6.89,16277.671,0.1,109.861,7.04,1.9,38.8,90.67,2.1,77.15,0.755
TJK,Asia,Tajikistan,9/28/2020,9646,41,42.857,75,0,0.286,1011.361,4.299,4.493,7.864,0,0.03,0,0,0,0,0,0,0,0,0,0,9537642,64.281,23.3,3.466,2.155,2896.913,4.8,427.698,7.11,0,0,72.704,4.8,71.1,0.65
TLS,Asia,Timor,9/28/2020,27,0,0,0,0,0,20.479,0,0,0,0,0,0,0,0,0,0,0,0,0,0,0,1318442,87.176,18,3.556,1.897,6570.102,30.3,335.346,6.86,6.3,78.1,28.178,5.9,69.5,0.625
TTO,North America,Trinidad and Tobago,9/28/2020,4362,50,65.857,71,1,0.857,3116.847,35.727,47.058,50.733,0.715,0.612,0,0,0,0,0,0,0,0,0,0,1399491,266.886,36.2,10.014,5.819,28763.071,0,228.467,10.97,0,0,89.443,3,73.51,0.784
TUN,Africa,Tunisia,9/28/2020,16114,936,768.857,214,7,7.857,1363.442,79.197,65.055,18.107,0.592,0.665,0,0,0,0,0,0,0,0,0,0,11818618,74.228,32.7,8.001,5.075,10849.297,2,318.991,8.52,1.1,65.8,78.687,2.3,76.7,0.735
TUR,Asia,Turkey,9/28/2020,314433,1467,1652.286,7997,68,70.143,3728.201,17.394,19.591,94.82,0.806,0.832,101119,10037700,119.016,1.199,93678,1.111,56.696,0.018,tests performed,0,84339067,104.914,31.6,8.153,5.061,25129.341,0.2,171.285,12.13,14.1,41.1,0,2.81,77.69,0.791
TWN,Asia,Taiwan,9/28/2020,510,0,0.143,7,0,0,21.413,0,0.006,0.294,0,0,0,0,0,0,0,0,0,0,0,0,23816775,0,42.2,0,8.353,0,0,103.957,0,0,0,0,0,80.46,0
TZA,Africa,Tanzania,9/28/2020,509,0,0,21,0,0,8.521,0,0,0.352,0,0,0,0,0,0,0,0,0,0,0,8.33,59734213,64.699,17.7,3.108,1.874,2683.304,49.1,217.288,5.75,3.3,26.7,47.953,0.7,65.46,0.538
UGA,Africa,Uganda,9/28/2020,7530,166,177.571,73,2,1.429,164.623,3.629,3.882,1.596,0.044,0.031,0,0,0,0,0,0,0,0,0,0,45741000,213.759,16.4,2.168,1.308,1697.707,41.6,213.333,2.5,3.4,16.7,21.222,0.5,63.37,0.516
UKR,Europe,Ukraine,9/28/2020,198634,3130,3279.429,3959,56,57.429,4541.892,71.569,74.986,90.525,1.28,1.313,16533,2226508,50.911,0.378,23981,0.548,7.313,0.137,tests performed,0,43733759,77.39,41.4,16.462,11.133,7894.393,0.1,539.849,7.11,13.5,47.4,0,8.8,72.06,0.751
URY,South America,Uruguay,9/28/2020,2008,10,13,47,0,0.143,578.053,2.879,3.742,13.53,0,0.041,0,0,0,0,0,0,0,0,0,0,3473727,19.751,35.6,14.655,10.361,20551.409,0.1,160.708,6.93,14,19.9,0,2.8,77.91,0.804
USA,North America,United States,9/28/2020,7115046,36248,44318.857,204756,259,749.571,21495.435,109.51,133.893,618.593,0.782,2.265,0,0,0,0,0,0,0,0,0,62.5,331002647,35.608,38.3,15.413,9.732,54225.446,1.2,151.089,10.79,19.1,24.6,0,2.77,78.86,0.924
UZB,Asia,Uzbekistan,9/28/2020,55593,640,543.429,460,6,3.571,1661.02,19.122,16.237,13.744,0.179,0.107,0,0,0,0,0,0,0,0,0,0,33469199,76.134,28.2,4.469,2.873,6253.104,0,724.417,7.57,1.3,24.7,0,4,71.72,0.71
VAT,Europe,Vatican,9/28/2020,12,0,0,0,0,0,14833.127,0,0,0,0,0,0,0,0,0,0,0,0,0,0,0,809,0,0,0,0,0,0,0,0,0,0,0,0,75.12,0
VCT,North America,Saint Vincent and the Grenadines,9/28/2020,64,0,0,0,0,0,576.852,0,0,0,0,0,0,0,0,0,0,0,0,0,0,0,110947,281.787,31.8,7.724,4.832,10727.146,0,252.675,11.62,0,0,0,2.6,72.53,0.723
VEN,South America,Venezuela,9/28/2020,72691,751,862.143,606,6,8.429,2556.307,26.41,30.319,21.311,0.211,0.296,0,0,0,0,0,0,0,0,0,0,28435943,36.253,29,6.614,3.915,16745.022,0,204.85,6.47,0,0,0,0.8,72.06,0.761
VGB,North America,British Virgin Islands,9/28/2020,71,0,0,1,0,0,2348.117,0,0,33.072,0,0,0,0,0,0,0,0,0,0,0,0,30237,207.973,0,0,0,0,0,0,13.67,0,0,0,0,79.07,0
VIR,North America,United States Virgin Islands,9/28/2020,1317,0,6.857,19,0,0,12612.164,0,65.667,181.952,0,0,0,0,0,0,0,0,0,0,0,0,104423,306.48,42.2,18.601,10.799,0,0,273.67,12.26,0,0,0,0,80.58,0
VNM,Asia,Vietnam,9/28/2020,1074,5,0.857,35,0,0,11.034,0.051,0.009,0.36,0,0,0,0,0,0,0,0,0,0,0,0,97338583,308.127,32.6,7.15,4.718,6171.884,2,245.465,6,1,45.9,85.847,2.6,75.4,0.694
OWID_KOS,Europe,Kosovo,9/28/2020,15472,47,58.429,622,3,1.286,8005.075,24.317,30.23,321.817,1.552,0.665,0,0,0,0,0,0,0,0,0,0,1932774,168.155,0,0,0,9795.834,0.6,0,0,0,0,0,0,0,0
YEM,Asia,Yemen,9/28/2020,2034,1,0.571,588,0,0.286,68.196,0.034,0.019,19.714,0,0.01,0,0,0,0,0,0,0,0,0,0,29825968,53.508,20.3,2.922,1.583,1479.147,18.8,495.003,5.35,7.6,29.2,49.542,0.7,66.12,0.452
ZAF,Africa,South Africa,9/28/2020,670766,1268,1365,16398,22,63.571,11309.742,21.38,23.015,276.486,0.371,1.072,0,0,0,0,0,0,0,0,0,0,59308690,46.754,27.3,5.344,3.053,12294.876,18.9,200.38,5.52,8.1,33.2,43.993,2.32,64.13,0.699
ZMB,Africa,Zambia,9/28/2020,14641,29,72.857,332,0,0.286,796.401,1.577,3.963,18.059,0,0.016,0,0,0,0,0,0,0,0,0,0,18383956,22.995,17.7,2.48,1.542,3689.251,57.5,234.499,3.94,3.1,24.7,13.938,2,63.89,0.588
ZWE,Africa,Zimbabwe,9/28/2020,7812,9,18.429,227,0,0.286,525.603,0.606,1.24,15.273,0,0.019,0,0,0,0,0,0,0,0,0,0,14862927,42.729,19.6,2.822,1.882,1899.775,21.4,307.846,1.82,1.6,30.7,36.791,1.7,61.49,0.535
OWID_WRL,Other,World,9/28/2020,33178019,259936,292903.429,998784,3633,5318.714,4256.43,33.347,37.577,128.135,0.466,0.682,0,0,0,0,0,0,0,0,0,0,7794798729,58.045,30.9,8.696,5.355,15469.207,10,233.07,8.51,6.434,34.635,60.13,2.705,72.58,0
